name,Z,A,m,error
n,0,1,1.00866491593,4.9e-10
H,1,1,1.00782503223,9e-11
H,1,2,2.01410177812,1.2e-10
H,1,3,3.0160492779,2.37e-09
He,2,3,3.01602932007,2.5e-09
He,2,4,4.00260325413,6e-11
He,2,6,6.018886648,4.5e-07
He,2,8,8.033934307,1.9e-07
Li,3,6,6.01512288741,1.55e-09
Li,3,7,7.01600342665,4.54e-09
Li,3,8,8.022486238,5e-08
Li,3,9,9.026790199,9.2e-08
Li,3,11,11.043723754,1.2e-06
Be,4,7,7.016928707,7.6e-08
Be,4,8,8.005305102,3.7e-08
Be,4,9,9.01218305,8.2e-08
Be,4,10,10.013534679,8.6e-08
Be,4,11,11.021661078,2.55e-07
Be,4,12,12.026920848,4.509e-06
Be,4,14,14.04289292,0.00014197
B,5,8,8.024607326,1.073e-06
B,5,9,9.013329633,9.69e-07
B,5,10,10.01293699,4.13e-07
B,5,11,11.009305404,4.48e-07
B,5,12,12.014352104,1.502e-06
B,5,13,13.017780216,1.163e-06
B,5,14,14.025404012,2.2773e-05
B,5,15,15.031094117,2.4005e-05
B,5,17,17.046989906,0.00018344
B,5,19,19.0631,0.00043
C,6,9,9.031035568,2.293e-06
C,6,10,10.01685323,4.32e-07
C,6,11,11.011433611,1.02e-06
C,6,12,12.0,0.0
C,6,13,13.00335483507,2.3e-10
C,6,14,14.00324198842,4.03e-09
C,6,15,15.010599256,8.58e-07
C,6,16,16.014701252,3.84e-06
C,6,17,17.022579037,1.8641e-05
C,6,18,18.026752275,3.2206e-05
C,6,19,19.034797939,0.000105625
C,6,20,20.040319754,0.000256749
C,6,22,22.05597,0.00054
N,7,12,12.018613196,1.073e-06
N,7,13,13.005738609,2.89e-07
N,7,14,14.00307400443,2e-10
N,7,15,15.00010889888,6.4e-10
N,7,16,16.006101659,2.815e-06
N,7,17,17.008448873,1.6103e-05
N,7,18,18.014077565,1.9935e-05
N,7,19,19.017023163,1.761e-05
N,7,20,20.023365807,5.9678e-05
N,7,21,21.02710824,0.000102035
N,7,22,22.034394934,0.000206349
N,7,23,23.04127,0.00032
O,8,13,13.024814683,1.0226e-05
O,8,14,14.008596359,1.17e-07
O,8,15,15.003065618,5.26e-07
O,8,16,15.99491461957,1.7e-10
O,8,17,16.9991317565,6.9e-10
O,8,18,17.99915961286,7.6e-10
O,8,19,19.003578742,2.958e-06
O,8,20,20.004075354,9.5e-07
O,8,21,21.008654882,1.2882e-05
O,8,22,22.009964211,6.1107e-05
O,8,23,23.015695922,9.6629e-05
O,8,24,24.019861,0.000118
F,9,16,16.011465724,8.932e-06
F,9,17,17.002095237,2.66e-07
F,9,18,18.000937325,4.97e-07
F,9,19,18.99840316273,9.2e-10
F,9,20,19.999981252,3.1e-08
F,9,21,20.99994889,1.932e-06
F,9,22,22.002998814,1.331e-05
F,9,23,23.003553,0.0001075
F,9,24,24.008115485,7.7598e-05
F,9,25,25.012199229,8.1022e-05
F,9,26,26.020037768,8.2963e-05
F,9,27,27.026441,0.000204
F,9,29,29.04289,0.00062
F,9,31,31.060059,0.000641
Ne,10,17,17.017713963,3.8e-07
Ne,10,18,18.005708704,3.9e-07
Ne,10,19,19.001880907,1.72e-07
Ne,10,20,19.99244017617,1.68e-09
Ne,10,21,20.993846685,4.1e-08
Ne,10,22,21.991385115,1.8e-08
Ne,10,23,22.994466906,1.12e-07
Ne,10,24,23.99361065,5.5e-07
Ne,10,25,24.997788714,4.801e-05
Ne,10,26,26.000514705,1.9523e-05
Ne,10,27,27.007553268,7e-05
Ne,10,28,28.012121998,0.000102872
Ne,10,29,29.019753,0.000107
Ne,10,30,30.024734,0.000301
Ne,10,31,31.033087,0.001739
Ne,10,32,32.03972,0.00054
Ne,10,34,34.056728,0.000551
Na,11,20,20.007354013,1.121e-06
Na,11,21,20.997654696,2.96e-07
Na,11,22,21.994437411,1.83e-07
Na,11,23,22.98976928197,1.94e-09
Na,11,24,23.99096295,3.8e-08
Na,11,25,24.98995397,1.288e-06
Na,11,26,25.992634649,3.759e-06
Na,11,27,26.994076578,4.001e-06
Na,11,28,27.998939,1.1e-05
Na,11,29,29.002866,1.3e-05
Na,11,30,30.00899,2.5e-05
Na,11,31,31.013461796,0.000110501
Na,11,32,32.020193,0.000129
Na,11,33,33.02573,0.00064
Na,11,34,34.03359,0.00054
Na,11,35,35.040623,0.000629
Na,11,37,37.057051,0.000649
Mg,12,19,19.034169186,5.3678e-05
Mg,12,20,20.018850079,2.8985e-05
Mg,12,21,21.011715377,1.7621e-05
Mg,12,22,21.999570648,3.35e-07
Mg,12,23,22.994124208,7.37e-07
Mg,12,24,23.985041697,1.4e-08
Mg,12,25,24.985836977,5e-08
Mg,12,26,25.982592968,3.1e-08
Mg,12,27,26.984340625,5.3e-08
Mg,12,28,27.983876775,2.15e-06
Mg,12,29,28.988617393,1.2238e-05
Mg,12,30,29.990454,1.4e-05
Mg,12,31,30.996575,1.8e-05
Mg,12,32,31.999021267,1.9039e-05
Mg,12,33,33.005311,2.4e-05
Mg,12,34,34.00919,9.7e-05
Mg,12,35,35.01679,0.000193
Mg,12,36,36.021879,0.000494
Mg,12,37,37.03037,0.00054
Mg,12,38,38.03658,0.00054
Mg,12,40,40.05218,0.00054
Al,13,22,22.01954,0.00043
Al,13,23,23.007244351,3.7e-07
Al,13,24,23.999947502,1.062e-06
Al,13,25,24.990428092,5.1e-07
Al,13,26,25.986891905,6.9e-08
Al,13,27,26.981538578,1.11e-07
Al,13,28,27.981910257,1.29e-07
Al,13,29,28.980444997,1.293e-06
Al,13,30,29.982960221,1.5077e-05
Al,13,31,30.983945172,2.1839e-05
Al,13,32,31.988124489,9.227e-05
Al,13,33,32.990942272,7.3335e-05
Al,13,34,33.996728773,6.435e-05
Al,13,35,34.999764,7.5e-05
Al,13,36,36.006388,0.000107
Al,13,37,37.010531,0.000129
Al,13,38,38.017402,0.000268
Al,13,39,39.02254,0.00068
Al,13,40,40.03003,0.00075
Al,13,41,41.03638,0.00086
Al,13,42,42.0445,0.00097
Al,13,43,43.05199,0.00097
Si,14,22,22.03543,0.00043
Si,14,23,23.02477,0.00043
Si,14,24,24.011545614,2.0904e-05
Si,14,25,25.004108046,1.0735e-05
Si,14,26,25.992333846,1.14e-07
Si,14,27,26.986704857,1.52e-07
Si,14,28,27.97692653465,4.4e-10
Si,14,29,28.97649466475,5e-10
Si,14,30,29.973770136,2.3e-08
Si,14,31,30.975363195,4.6e-08
Si,14,32,31.974151538,3.2e-07
Si,14,33,32.977976964,7.5e-07
Si,14,34,33.978575541,1.5155e-05
Si,14,35,34.984583473,4.1236e-05
Si,14,36,35.986669104,6.0931e-05
Si,14,37,36.99292074,8.9074e-05
Si,14,38,37.995523,7.5e-05
Si,14,39,39.002491,9.7e-05
Si,14,40,40.005829,0.000247
Si,14,41,41.013011,0.000397
Si,14,42,42.01778,0.00054
Si,14,43,43.0248,0.00086
Si,14,44,44.03061,0.00086
P,15,26,26.01178,0.00021
P,15,27,26.999231528,2.8277e-05
P,15,28,27.992325176,1.169e-06
P,15,29,28.981800608,6.44e-07
P,15,30,29.978313753,3.35e-07
P,15,31,30.97376199842,7e-10
P,15,32,31.973907643,4.2e-08
P,15,33,32.971725694,1.17e-06
P,15,34,33.973645886,8.7e-07
P,15,35,34.973314055,2.003e-06
P,15,36,35.978259617,1.4078e-05
P,15,37,36.979607065,4.0738e-05
P,15,38,37.984280346,7.6522e-05
P,15,39,38.986263839,8.6987e-05
P,15,40,39.991331748,0.000119377
P,15,41,40.994654,8.6e-05
P,15,42,42.001084,0.000225
P,15,43,43.005024,0.000397
P,15,44,44.01121,0.00086
P,15,45,45.01645,0.00086
P,15,46,46.02446,0.00086
S,16,27,27.018287,0.00043
S,16,28,28.004372765,0.000171767
S,16,29,28.996610693,5.3677e-05
S,16,30,29.984903424,3.22e-06
S,16,31,30.979556476,1.055e-06
S,16,32,31.97207117438,1.41e-09
S,16,33,32.97145890979,1.45e-09
S,16,34,33.967867037,5.9e-08
S,16,35,34.969032348,4.6e-08
S,16,36,35.967080698,2.01e-07
S,16,37,36.971125506,2.12e-07
S,16,38,37.971163301,7.699e-06
S,16,39,38.975134208,5.3677e-05
S,16,40,39.975383263,0.000121984
S,16,41,40.979507387,6.5737e-05
S,16,42,41.981022419,0.00013335
S,16,43,42.987042,0.000107
S,16,44,43.990231,0.00015
S,16,45,44.995717,0.000741
S,16,46,46.00004,0.00086
S,16,47,47.00795,0.00086
S,16,48,48.0137,0.00097
Cl,17,31,30.992414204,5.3677e-05
Cl,17,32,31.985684164,1.008e-06
Cl,17,33,32.977452062,4.69e-07
Cl,17,34,33.973762549,7.5e-08
Cl,17,35,34.968852709,3.9e-08
Cl,17,36,35.968306836,4e-08
Cl,17,37,36.965902574,5.5e-08
Cl,17,38,37.968010409,1.05e-07
Cl,17,39,38.968008148,1.859e-06
Cl,17,40,39.970415469,3.4423e-05
Cl,17,41,40.970684525,7.3777e-05
Cl,17,42,41.973254804,0.000154332
Cl,17,43,42.97379677,0.000220878
Cl,17,44,43.977879428,0.000147629
Cl,17,45,44.98029,0.000107
Cl,17,46,45.985174,0.000172
Cl,17,47,46.98916,0.00086
Cl,17,48,47.99564,0.00075
Cl,17,49,49.00123,0.00086
Cl,17,51,51.01554,0.00107
Ar,18,31,31.012124,0.000221
Ar,18,32,31.997637806,1.9e-06
Ar,18,33,32.98992553,4.3e-07
Ar,18,34,33.980271063,3.6e-07
Ar,18,35,34.975257613,8.01e-07
Ar,18,36,35.967545107,2.9e-08
Ar,18,37,36.966776303,2.21e-07
Ar,18,38,37.962732196,2.62e-07
Ar,18,39,38.964313038,5.367e-06
Ar,18,40,39.9623831237,2.4e-09
Ar,18,41,40.964500571,3.72e-07
Ar,18,42,41.963045737,6.2e-06
Ar,18,43,42.965636056,5.7e-06
Ar,18,44,43.964923829,1.7e-06
Ar,18,45,44.96803975,5.5e-07
Ar,18,46,45.968084079,4.3741e-05
Ar,18,47,46.972936232,9.6381e-05
Ar,18,48,47.97569,0.00075
Ar,18,49,48.98198,0.00086
Ar,18,50,49.98631,0.00097
Ar,18,51,50.9937,0.00107
K,19,35,34.988005396,5.5e-07
K,19,36,35.981301724,3.69e-07
K,19,37,36.973375891,1e-07
K,19,38,37.969081197,2.64e-07
K,19,39,38.96370648636,4.92e-09
K,19,40,39.963998166,6e-08
K,19,41,40.96182525793,4.08e-09
K,19,42,41.962402306,1.13e-07
K,19,43,42.960734713,4.4e-07
K,19,44,43.961586999,4.5e-07
K,19,45,44.96069151,5.6e-07
K,19,46,45.961981606,7.8e-07
K,19,47,46.961664836,2.7e-06
K,19,48,47.965340411,2.5e-06
K,19,49,48.968210272,2.8e-06
K,19,50,49.972370747,1.1e-05
K,19,51,50.97685,0.00064
K,19,52,51.9828,0.00075
K,19,53,52.98811,0.00075
K,19,54,53.99533,0.00097
Ca,20,35,35.00514,0.00021
Ca,20,36,35.993074479,4.2941e-05
Ca,20,37,36.98589821,8.5e-07
Ca,20,38,37.976319253,2.7e-07
Ca,20,39,38.970710812,6.4e-07
Ca,20,40,39.962590863,2.2e-08
Ca,20,41,40.96227789,1.47e-07
Ca,20,42,41.958617791,1.59e-07
Ca,20,43,42.958766339,2.42e-07
Ca,20,44,43.955481345,3.42e-07
Ca,20,45,44.956186141,3.87e-07
Ca,20,46,45.953687315,2.399e-06
Ca,20,47,46.954540737,2.382e-06
Ca,20,48,47.952524131,2.342e-06
Ca,20,49,48.955664095,2.339e-06
Ca,20,50,49.957500421,3.671e-06
Ca,20,51,50.961488307,0.000100622
Ca,20,52,51.9651,0.00075
Ca,20,53,52.97052,0.00054
Ca,20,54,53.97527,0.00075
Ca,20,55,54.98178,0.00086
Ca,20,56,55.98669,0.00097
Sc,21,40,39.97796729,3.036e-06
Sc,21,41,40.969251103,8.8e-08
Sc,21,42,41.965516495,1.81e-07
Sc,21,43,42.961150435,1.999e-06
Sc,21,44,43.959402464,1.884e-06
Sc,21,45,44.955909148,6.73e-07
Sc,21,46,45.95516913,6.82e-07
Sc,21,47,46.952402487,2.085e-06
Sc,21,48,47.952224277,5.446e-06
Sc,21,49,48.950015588,3.341e-06
Sc,21,50,49.952177639,1.6272e-05
Sc,21,51,50.953593322,2.1598e-05
Sc,21,52,51.956675468,0.000207485
Sc,21,53,52.9597,0.00032
Sc,21,54,53.96385,0.00054
Sc,21,55,54.968243949,0.000790106
Sc,21,56,55.97372,0.00075
Sc,21,57,56.97843,0.00075
Sc,21,58,57.98458,0.00086
Ti,22,39,39.00231,0.00032
Ti,22,40,39.990498718,0.000171767
Ti,22,41,40.9838,0.00039
Ti,22,42,41.973048996,2.96e-07
Ti,22,43,42.968522384,7.407e-06
Ti,22,44,43.959689948,7.51e-07
Ti,22,45,44.958122855,8.66e-07
Ti,22,46,45.952627708,3.33e-07
Ti,22,47,46.951758755,3.75e-07
Ti,22,48,47.947941946,3.76e-07
Ti,22,49,48.947865643,3.79e-07
Ti,22,50,49.944786856,3.81e-07
Ti,22,51,50.946610618,6.49e-07
Ti,22,52,51.946892974,7.6e-06
Ti,22,53,52.949725957,0.000107407
Ti,22,54,53.951052401,0.000133889
Ti,22,55,54.955265056,0.000163288
Ti,22,56,55.958199639,0.000210361
Ti,22,57,56.963989137,0.000488917
Ti,22,58,57.96709,0.00054
Ti,22,59,58.97318,0.00054
Ti,22,60,59.97687,0.00064
Ti,22,61,60.98331,0.00075
V,23,42,41.99186,0.00054
V,23,43,42.98065,0.00025
V,23,44,43.97411,0.00013
V,23,45,44.965775659,1.8275e-05
V,23,46,45.960198982,3.58e-07
V,23,47,46.954905117,3.38e-07
V,23,48,47.952252576,1.151e-06
V,23,49,48.948511762,9.58e-07
V,23,50,49.947155781,9.54e-07
V,23,51,50.943956803,9.5e-07
V,23,52,51.944772775,9.6e-07
V,23,53,52.944336765,3.383e-06
V,23,54,53.94643864,1.6114e-05
V,23,55,54.947232487,0.000107356
V,23,56,55.950530966,0.000219281
V,23,57,56.952561432,0.000250113
V,23,58,57.956834136,0.000266164
V,23,59,58.960207407,0.000329983
V,23,60,59.965026862,0.000509624
V,23,61,60.9683,0.00032
V,23,62,61.97354,0.00043
V,23,63,62.97732,0.00054
V,23,64,63.98322,0.00054
Cr,24,42,42.00697,0.00032
Cr,24,43,42.99792,0.00021
Cr,24,44,43.98589,0.00021
Cr,24,45,44.97917,0.00021
Cr,24,46,45.968358861,2.1464e-05
Cr,24,47,46.962899896,1.5059e-05
Cr,24,48,47.954029097,7.905e-06
Cr,24,49,48.951333102,2.547e-06
Cr,24,50,49.946041586,9.54e-07
Cr,24,51,50.944764777,9.53e-07
Cr,24,52,51.940506255,6.31e-07
Cr,24,53,52.940648171,6.21e-07
Cr,24,54,53.938879181,6.12e-07
Cr,24,55,54.940838458,6.43e-07
Cr,24,56,55.940653138,2e-06
Cr,24,57,56.943613013,2e-06
Cr,24,58,57.944353129,0.00021784
Cr,24,59,58.948586367,0.000262302
Cr,24,60,59.950076033,0.00022909
Cr,24,61,60.954717204,0.000273332
Cr,24,62,61.95661319,0.000361776
Cr,24,63,62.96175,0.00032
Cr,24,64,63.96429,0.00032
Cr,24,65,64.97018,0.00032
Cr,24,66,65.97387,0.00054
Cr,24,67,66.98016,0.00064
Mn,25,46,45.98716,0.00012
Mn,25,47,46.9761,0.00017
Mn,25,48,47.96852,0.00012
Mn,25,49,48.959618991,2.577e-05
Mn,25,50,49.954237534,9.56e-07
Mn,25,51,50.948208247,9.53e-07
Mn,25,52,51.945563981,2.04e-06
Mn,25,53,52.941288916,6.84e-07
Mn,25,54,53.940357638,1.24e-06
Mn,25,55,54.938043937,4.77e-07
Mn,25,56,55.938903718,4.94e-07
Mn,25,57,56.938286101,1.616e-06
Mn,25,58,57.940066698,2.9e-06
Mn,25,59,58.940391168,2.5e-06
Mn,25,60,59.943136634,2.5e-06
Mn,25,61,60.944452605,2.5e-06
Mn,25,62,61.948275675,2.8e-06
Mn,25,63,62.949664741,4e-06
Mn,25,64,63.95384937,3.8e-06
Mn,25,65,64.95601975,4e-06
Mn,25,66,65.960546834,1.2e-05
Mn,25,67,66.96474,0.00043
Mn,25,68,67.96999,0.00054
Mn,25,69,68.97383,0.00064
Fe,26,45,45.014807,0.000211
Fe,26,46,46.00081,0.00038
Fe,26,47,46.9929,0.00028
Fe,26,48,47.980504,7.5e-05
Fe,26,49,48.97335,0.00016
Fe,26,50,49.962975035,6.4414e-05
Fe,26,51,50.956820524,1.6111e-05
Fe,26,52,51.948112391,7.009e-06
Fe,26,53,52.945306459,1.832e-06
Fe,26,54,53.939609017,5.3e-07
Fe,26,55,54.938292023,5.06e-07
Fe,26,56,55.934936355,4.89e-07
Fe,26,57,56.93539287,4.91e-07
Fe,26,58,57.93327446,5.28e-07
Fe,26,59,58.934874367,5.4e-07
Fe,26,60,59.934070586,3.678e-06
Fe,26,61,60.936746305,2.8e-06
Fe,26,62,61.936791875,3e-06
Fe,26,63,62.9402727,4.618e-06
Fe,26,64,63.9409878,5.3e-06
Fe,26,65,64.9450115,7.3e-06
Fe,26,66,65.94624996,4.4e-06
Fe,26,67,66.950947244,0.000446132
Fe,26,68,67.9537,0.00075
Fe,26,69,68.95878,0.00054
Fe,26,70,69.96102,0.00064
Fe,26,71,70.96672,0.00086
Fe,26,72,71.96962,0.00086
Co,27,50,49.98154,0.00018
Co,27,51,50.97072,0.00016
Co,27,52,51.96359,7e-05
Co,27,53,52.954204108,1.893e-06
Co,27,54,53.948459903,5.39e-07
Co,27,55,54.941997233,5.74e-07
Co,27,56,55.939838831,6.27e-07
Co,27,57,56.936290607,6.64e-07
Co,27,58,57.935752108,1.289e-06
Co,27,59,58.933194324,5.56e-07
Co,27,60,59.933816335,5.61e-07
Co,27,61,60.932476667,9.52e-07
Co,27,62,61.93405086,2.1478e-05
Co,27,63,62.933612515,2.1478e-05
Co,27,64,63.935810812,2.1478e-05
Co,27,65,64.9364621,2.3e-06
Co,27,66,65.939442945,1.5e-05
Co,27,67,66.940609502,6.92e-06
Co,27,68,67.94427,0.00014
Co,27,69,68.94632,0.00036
Co,27,70,69.951,0.0009
Co,27,71,70.9529,0.0009
Co,27,72,71.95738,0.00064
Co,27,73,72.96006,0.00075
Co,27,74,73.96491,0.00086
Co,27,75,74.96842,0.00086
Ni,28,48,48.019337,0.000573
Ni,28,49,49.00936,0.00043
Ni,28,50,49.99614,0.00032
Ni,28,51,50.98763,0.00032
Ni,28,52,51.97543,0.00021
Ni,28,53,52.96813,0.00032
Ni,28,54,53.957892574,5.3679e-05
Ni,28,55,54.951330663,8.45e-07
Ni,28,56,55.94212858,5.72e-07
Ni,28,57,56.939792217,7.12e-07
Ni,28,58,57.93534245,5.18e-07
Ni,28,59,58.934346238,5.18e-07
Ni,28,60,59.93078592,5.19e-07
Ni,28,61,60.931055607,5.2e-07
Ni,28,62,61.928345412,5.55e-07
Ni,28,63,62.929669673,5.56e-07
Ni,28,64,63.927966864,5.85e-07
Ni,28,65,64.93008522,6.03e-07
Ni,28,66,65.929139334,1.5e-06
Ni,28,67,66.931569414,3.1e-06
Ni,28,68,67.931868789,3.2e-06
Ni,28,69,68.935610269,4e-06
Ni,28,70,69.936431555,2.36e-06
Ni,28,71,70.94051922,2.458e-06
Ni,28,72,71.941786184,2.458e-06
Ni,28,73,72.946206944,2.653e-06
Ni,28,74,73.94773,0.00043
Ni,28,75,74.95267,0.00043
Ni,28,76,75.95533,0.00054
Ni,28,77,76.96055,0.00054
Ni,28,78,77.96336,0.00086
Cu,29,55,54.96611,0.00032
Cu,29,56,55.95895,0.00043
Cu,29,57,56.94921253,6.59e-07
Cu,29,58,57.944533082,7.02e-07
Cu,29,59,58.939497518,6.71e-07
Cu,29,60,59.937364579,1.767e-06
Cu,29,61,60.933457742,1.035e-06
Cu,29,62,61.932595462,7.53e-07
Cu,29,63,62.92959777,5.56e-07
Cu,29,64,63.92976439,5.63e-07
Cu,29,65,64.927789809,7.11e-07
Cu,29,66,65.928869136,7.17e-07
Cu,29,67,66.927730314,1.3e-06
Cu,29,68,67.929610889,1.7e-06
Cu,29,69,68.929429269,1.5e-06
Cu,29,70,69.932392079,1.161e-06
Cu,29,71,70.932676833,1.6e-06
Cu,29,72,71.935820307,1.5e-06
Cu,29,73,72.936674576,2.123e-06
Cu,29,74,73.939874862,6.6e-06
Cu,29,75,74.941522874,2.556e-06
Cu,29,76,75.945275026,7.2e-06
Cu,29,77,76.94815,0.00054
Cu,29,78,77.95223,0.00054
Cu,29,79,78.95502,0.00043
Cu,29,80,79.96089,0.00064
Zn,30,54,53.993581,0.000478
Zn,30,55,54.98454,0.00043
Zn,30,56,55.97297,0.00043
Zn,30,57,56.96506,0.00022
Zn,30,58,57.954591097,5.3679e-05
Zn,30,59,58.949312693,8.91e-07
Zn,30,60,59.941842139,6.94e-07
Zn,30,61,60.939513026,1.7474e-05
Zn,30,62,61.934334018,7.32e-07
Zn,30,63,62.933211583,1.686e-06
Zn,30,64,63.929142143,7.12e-07
Zn,30,65,64.929240896,7.14e-07
Zn,30,66,65.926033853,9.4e-07
Zn,30,67,66.92712779,9.59e-07
Zn,30,68,67.924844598,9.8e-07
Zn,30,69,68.926550725,9.95e-07
Zn,30,70,69.925319312,2.095e-06
Zn,30,71,70.927719435,2.95e-06
Zn,30,72,71.926842807,2.3e-06
Zn,30,73,72.929582582,2e-06
Zn,30,74,73.929407262,2.7e-06
Zn,30,75,74.932840246,2.1e-06
Zn,30,76,75.933114958,1.562e-06
Zn,30,77,76.9368872,2.117e-06
Zn,30,78,77.938289207,2.086e-06
Zn,30,79,78.94263807,2.388e-06
Zn,30,80,79.944552931,2.774e-06
Zn,30,81,80.950402619,5.4e-06
Zn,30,82,81.95426,0.00043
Zn,30,83,82.96056,0.00054
Ga,31,60,59.95729,0.00021
Ga,31,61,60.949448677,5.6449e-05
Ga,31,62,61.944190298,7.54e-07
Ga,31,63,62.939294195,1.4e-06
Ga,31,64,63.936839641,1.569e-06
Ga,31,65,64.932734691,8.83e-07
Ga,31,66,65.931589444,3.355e-06
Ga,31,67,66.928202574,1.305e-06
Ga,31,68,67.927980528,1.618e-06
Ga,31,69,68.9255736,1.292e-06
Ga,31,70,69.926021987,1.296e-06
Ga,31,71,70.924702584,8.74e-07
Ga,31,72,71.926367481,8.82e-07
Ga,31,73,72.925174682,1.8e-06
Ga,31,74,73.926945762,4e-06
Ga,31,75,74.926500246,2.6e-06
Ga,31,76,75.928827626,2.1e-06
Ga,31,77,76.9291543,2.6e-06
Ga,31,78,77.931608846,2.043e-06
Ga,31,79,78.932852304,2.005e-06
Ga,31,80,79.936420778,3.104e-06
Ga,31,81,80.938133846,3.504e-06
Ga,31,82,81.943176536,2.605e-06
Ga,31,83,82.947120304,2.805e-06
Ga,31,84,83.95246,0.00043
Ga,31,85,84.95681,0.00054
Ga,31,86,85.96301,0.00075
Ge,32,60,59.97036,0.00021
Ge,32,61,60.96379,0.00032
Ge,32,62,61.95465,0.00015
Ge,32,63,62.949628,4e-05
Ge,32,64,63.941689913,4e-06
Ge,32,65,64.939365569,2.761e-06
Ge,32,66,65.933862197,2.575e-06
Ge,32,67,66.932733991,5.005e-06
Ge,32,68,67.928095321,2.013e-06
Ge,32,69,68.927964547,1.421e-06
Ge,32,70,69.924248757,9.03e-07
Ge,32,71,70.924952334,8.98e-07
Ge,32,72,71.922076084,5.32e-07
Ge,32,73,72.923459215,5.29e-07
Ge,32,74,73.921178037,5.25e-07
Ge,32,75,74.922859219,5.3e-07
Ge,32,76,75.921402756,9.5e-08
Ge,32,77,76.92354876,4.1e-07
Ge,32,78,77.922852938,3.796e-06
Ge,32,79,78.925360072,3.9916e-05
Ge,32,80,79.925350707,2.2e-06
Ge,32,81,80.928832946,2.206e-06
Ge,32,82,81.929774036,2.406e-06
Ge,32,83,82.934539104,2.605e-06
Ge,32,84,83.937575094,3.404e-06
Ge,32,85,84.942969663,4.003e-06
Ge,32,86,85.94658,0.00043
Ge,32,87,86.95251,0.00054
Ge,32,88,87.9568,0.00075
Ge,32,89,88.96366,0.00086
As,33,64,63.957754,0.000325
As,33,65,64.949611,9.1e-05
As,33,66,65.944145007,2.7494e-05
As,33,67,66.939252447,1.466e-06
As,33,68,67.93677413,1.981e-06
As,33,69,68.932273926,3.3481e-05
As,33,70,69.930926202,5.3684e-05
As,33,71,70.927113808,4.473e-06
As,33,72,71.926752553,4.414e-06
As,33,73,72.923829326,4.165e-06
As,33,74,73.923928916,1.869e-06
As,33,75,74.921595017,9.88e-07
As,33,76,75.922392549,9.91e-07
As,33,77,76.920647457,1.866e-06
As,33,78,77.92182736,1.0567e-05
As,33,79,78.920948011,5.842e-06
As,33,80,79.922520623,1.6831e-05
As,33,81,80.922132256,2.868e-06
As,33,82,81.924741236,4.603e-06
As,33,83,82.925206904,3.004e-06
As,33,84,83.929303294,3.404e-06
As,33,85,84.932163663,3.304e-06
As,33,86,85.936701536,3.703e-06
As,33,87,86.940291721,3.204e-06
As,33,88,87.94537,0.00043
As,33,89,88.94961,0.00054
As,33,90,89.95563,0.00064
As,33,91,90.96039,0.00064
As,33,92,91.96674,0.00075
Se,34,64,63.97109,0.00054
Se,34,65,64.96466,0.00064
Se,34,66,65.95521,0.00032
Se,34,67,66.949994,7.2e-05
Se,34,68,67.941825215,5.4e-07
Se,34,69,68.939558583,3.6701e-05
Se,34,70,69.933515523,1.7e-06
Se,34,71,70.932209433,3e-06
Se,34,72,71.927140507,2.1e-06
Se,34,73,72.926755005,7.973e-06
Se,34,74,73.922476448,3.37e-07
Se,34,75,74.922523382,3.29e-07
Se,34,76,75.919213793,8e-08
Se,34,77,76.919914243,1.03e-07
Se,34,78,77.917309368,2.1e-07
Se,34,79,78.918499375,2.54e-07
Se,34,80,79.916521349,1.578e-06
Se,34,81,80.917992553,1.623e-06
Se,34,82,81.916699401,1.661e-06
Se,34,83,82.919118473,3.623e-06
Se,34,84,83.918466794,2.106e-06
Se,34,85,84.922260763,2.805e-06
Se,34,86,85.924311736,2.705e-06
Se,34,87,86.928688621,2.406e-06
Se,34,88,87.931417494,3.604e-06
Se,34,89,88.936669063,4.003e-06
Se,34,90,89.93996,0.00043
Se,34,91,90.94596,0.00054
Se,34,92,91.94984,0.00064
Se,34,93,92.95629,0.00086
Se,34,94,93.96049,0.00086
Br,35,68,67.95842,0.00033
Br,35,69,68.950133,0.000107
Br,35,70,69.944792323,1.6e-05
Br,35,71,70.939342155,5.799e-06
Br,35,72,71.936588565,7.2e-06
Br,35,73,72.931671449,7.8e-06
Br,35,74,73.929913629,6.8e-06
Br,35,75,74.925810399,4.6e-06
Br,35,76,75.924541666,1.0007e-05
Br,35,77,76.921379287,3.018e-06
Br,35,78,77.921145983,3.843e-06
Br,35,79,78.918337165,1.619e-06
Br,35,80,79.918529374,1.612e-06
Br,35,81,80.916289757,1.378e-06
Br,35,82,81.916803313,1.373e-06
Br,35,83,82.915183109,5.396e-06
Br,35,84,83.916489708,3.2206e-05
Br,35,85,84.915645763,3.304e-06
Br,35,86,85.918805436,3.304e-06
Br,35,87,86.920674021,3.404e-06
Br,35,88,87.924083294,3.404e-06
Br,35,89,88.926704563,3.504e-06
Br,35,90,89.931292853,3.604e-06
Br,35,91,90.934398621,3.803e-06
Br,35,92,91.9396316,7.202e-06
Br,35,93,92.94326,0.00021
Br,35,94,93.9489,0.00043
Br,35,95,94.95287,0.00054
Br,35,96,95.95883,0.00064
Br,35,97,96.96295,0.00086
Kr,36,69,68.96518,0.00043
Kr,36,70,69.955384,0.000408
Kr,36,71,70.950265696,0.000138238
Kr,36,72,71.942092407,8.6e-06
Kr,36,73,72.939289195,7.061e-06
Kr,36,74,73.933084374,2.189e-06
Kr,36,75,74.930945746,8.7e-06
Kr,36,76,75.925910143,4.314e-06
Kr,36,77,76.92467,2.1e-06
Kr,36,78,77.920364951,7.56e-07
Kr,36,79,78.920082509,3.927e-06
Kr,36,80,79.916378898,9e-07
Kr,36,81,80.916591256,1.454e-06
Kr,36,82,81.91348275,9.45e-07
Kr,36,83,82.914127143,3.21e-07
Kr,36,84,83.91149772821,4.42e-09
Kr,36,85,84.912527262,2.147e-06
Kr,36,86,85.910610627,4.07e-09
Kr,36,87,86.91335476,2.64e-07
Kr,36,88,87.914447881,2.8e-06
Kr,36,89,88.917835451,2.3e-06
Kr,36,90,89.919527931,2e-06
Kr,36,91,90.923806311,2.4e-06
Kr,36,92,91.926173095,2.9e-06
Kr,36,93,92.931147175,2.7e-06
Kr,36,94,93.934140455,1.3e-05
Kr,36,95,94.939710924,2e-05
Kr,36,96,95.943016618,2.2e-05
Kr,36,97,96.949088785,0.00014
Kr,36,98,97.95227,0.00054
Kr,36,99,98.95839,0.00054
Kr,36,100,99.96225,0.00054
Rb,37,72,71.95908,0.00054
Rb,37,73,72.950529,0.000108
Rb,37,74,73.944264833,3.924e-06
Rb,37,75,74.938573246,1.7e-06
Rb,37,76,75.935074116,1.249e-06
Rb,37,77,76.9304016,1.4e-06
Rb,37,78,77.92814098,8e-06
Rb,37,79,78.923989864,2.3e-06
Rb,37,80,79.922516444,2e-06
Rb,37,81,80.918994131,5.266e-06
Rb,37,82,81.918209024,3.23e-06
Rb,37,83,82.915114183,2.5e-06
Rb,37,84,83.91437807,3.17e-06
Rb,37,85,84.911789738,5.35e-09
Rb,37,86,85.911167425,2.13e-07
Rb,37,87,86.909180531,6e-09
Rb,37,88,87.911315594,1.71e-07
Rb,37,89,88.912278239,5.863e-06
Rb,37,90,89.914798243,7.008e-06
Rb,37,91,90.916535717,8.664e-06
Rb,37,92,91.919728307,6.584e-06
Rb,37,93,92.922039131,8.407e-06
Rb,37,94,93.926395669,3.656e-06
Rb,37,95,94.929259399,2.171e-05
Rb,37,96,95.93413338,3.599e-06
Rb,37,97,96.93717812,5.695e-06
Rb,37,98,97.941995424,5.3738e-05
Rb,37,99,98.945012669,0.000120179
Rb,37,100,99.95003,0.00021
Rb,37,101,100.953864,0.000231
Rb,37,102,101.95932,0.00032
Sr,38,73,72.9657,0.00043
Sr,38,74,73.95617,0.000107
Sr,38,75,74.949952814,0.000236185
Sr,38,76,75.941762761,3.7e-05
Sr,38,77,76.937945455,8.5e-06
Sr,38,78,77.93217998,8e-06
Sr,38,79,78.929707664,9e-06
Sr,38,80,79.924517516,3.718e-06
Sr,38,81,80.923211395,3.358e-06
Sr,38,82,81.918399944,6.432e-06
Sr,38,83,82.917554374,7.336e-06
Sr,38,84,83.913419385,1.349e-06
Sr,38,85,84.912932077,3.02e-06
Sr,38,86,85.909260577,1.157e-06
Sr,38,87,86.908877499,1.157e-06
Sr,38,88,87.905612509,1.167e-06
Sr,38,89,88.907451063,1.171e-06
Sr,38,90,89.907729529,3.02e-06
Sr,38,91,90.910194976,6.251e-06
Sr,38,92,91.911038143,3.676e-06
Sr,38,93,92.914024066,8.113e-06
Sr,38,94,93.915358357,7.636e-06
Sr,38,95,94.91935124,6.384e-06
Sr,38,96,95.921703234,9.463e-06
Sr,38,97,96.926363832,1.0348e-05
Sr,38,98,97.928677318,1.0348e-05
Sr,38,99,98.932871725,7.882e-06
Sr,38,100,99.935766235,1.0348e-05
Sr,38,101,100.940348259,8.626e-05
Sr,38,102,101.943746,0.000228
Sr,38,103,102.94897,0.00021
Sr,38,104,103.95285,0.00043
Sr,38,105,104.95855,0.00054
Y,39,76,75.95856,0.00054
Y,39,77,76.949781,6.5e-05
Y,39,78,77.94361,0.00043
Y,39,79,78.937351299,0.000483178
Y,39,80,79.934354715,6.885e-06
Y,39,81,80.929454173,6.015e-06
Y,39,82,81.92693002,6.112e-06
Y,39,83,82.922483863,2.0063e-05
Y,39,84,83.920670968,4.806e-06
Y,39,85,84.916433039,2.036e-05
Y,39,86,85.914885948,1.5226e-05
Y,39,87,86.910876106,1.674e-06
Y,39,88,87.909501531,1.989e-06
Y,39,89,88.905839834,2.646e-06
Y,39,90,89.907143428,2.646e-06
Y,39,91,90.907296273,3.061e-06
Y,39,92,91.908944182,9.928e-06
Y,39,93,92.909576914,1.1397e-05
Y,39,94,93.911590463,7.648e-06
Y,39,95,94.912814101,7.492e-06
Y,39,96,95.915893495,7.033e-06
Y,39,97,96.918270732,7.677e-06
Y,39,98,97.922378718,8.907e-06
Y,39,99,98.924144549,7.583e-06
Y,39,100,99.927711235,1.2292e-05
Y,39,101,100.930144222,8.053e-06
Y,39,102,101.934283,0.000215
Y,39,103,102.937197,0.000106
Y,39,104,103.94196,0.00043
Y,39,105,104.94544,0.00054
Y,39,106,105.95056,0.00054
Y,39,107,106.95452,0.00054
Y,39,108,107.95996,0.00064
Zr,40,78,77.95566,0.00054
Zr,40,79,78.94948,0.00043
Zr,40,80,79.9404,0.0016
Zr,40,81,80.937308446,0.000176779
Zr,40,82,81.931353,0.000215
Zr,40,83,82.929240763,7.082e-06
Zr,40,84,83.923325505,6.112e-06
Zr,40,85,84.921443046,7.082e-06
Zr,40,86,85.916296762,3.861e-06
Zr,40,87,86.914816517,4.745e-06
Zr,40,88,87.910220049,6.029e-06
Zr,40,89,88.908881188,3.902e-06
Zr,40,90,89.904696939,2.396e-06
Zr,40,91,90.905638346,2.374e-06
Zr,40,92,91.905033433,2.373e-06
Zr,40,93,92.906468683,2.366e-06
Zr,40,94,93.906309036,2.44e-06
Zr,40,95,94.908036647,2.384e-06
Zr,40,96,95.90826809,2.672e-06
Zr,40,97,96.910947832,2.664e-06
Zr,40,98,97.912725495,9.453e-06
Zr,40,99,98.916664513,1.1407e-05
Zr,40,100,99.917997918,8.99e-06
Zr,40,101,100.921445154,9.215e-06
Zr,40,102,101.923139152,1.0155e-05
Zr,40,103,102.927187138,1.0252e-05
Zr,40,104,103.929432125,1.0348e-05
Zr,40,105,104.934004611,1.327e-05
Zr,40,106,105.93662,0.00032
Zr,40,107,106.94174,0.00032
Zr,40,108,107.94487,0.00043
Zr,40,109,108.95041,0.00054
Zr,40,110,109.95396,0.00064
Nb,41,81,80.9493,0.00043
Nb,41,82,81.94396,0.00032
Nb,41,83,82.937292344,0.000322141
Nb,41,84,83.93449,0.000322
Nb,41,85,84.928845838,4.4e-06
Nb,41,86,85.925781388,6.112e-06
Nb,41,87,86.92069233,7.472e-06
Nb,41,88,87.918222222,5.5648e-05
Nb,41,89,88.913418245,2.8771e-05
Nb,41,90,89.911257368,4.917e-06
Nb,41,91,90.906988822,3.965e-06
Nb,41,92,91.90718681,2.907e-06
Nb,41,93,92.906371673,2.427e-06
Nb,41,94,93.907277506,2.427e-06
Nb,41,95,94.906831005,1.668e-06
Nb,41,96,95.908095905,3.784e-06
Nb,41,97,96.908093553,2.415e-06
Nb,41,98,97.910323116,5.996e-06
Nb,41,99,98.911614948,1.3058e-05
Nb,41,100,99.914324135,8.966e-06
Nb,41,101,100.915311979,4.534e-06
Nb,41,102,101.918073552,3.793e-06
Nb,41,103,102.919459008,4.711e-06
Nb,41,104,103.922888925,3.937e-06
Nb,41,105,104.924948284,4.801e-06
Nb,41,106,105.928933548,4.89e-06
Nb,41,107,106.931595513,8.861e-06
Nb,41,108,107.936055,0.000112
Nb,41,109,108.93904,0.00032
Nb,41,110,109.94386,0.00032
Nb,41,111,110.94737,0.00043
Nb,41,112,111.95229,0.00054
Nb,41,113,112.95639,0.00054
Mo,42,83,82.94988,0.00043
Mo,42,84,83.94149,0.00043
Mo,42,85,84.938260738,1.7e-05
Mo,42,86,85.931174817,4e-06
Mo,42,87,86.928198287,4.2e-06
Mo,42,88,87.921967781,4.1e-06
Mo,42,89,88.919468151,4.2e-06
Mo,42,90,89.913929419,6.528e-06
Mo,42,91,90.911745499,1.1975e-05
Mo,42,92,91.906806296,3.999e-06
Mo,42,93,92.906807914,3.999e-06
Mo,42,94,93.905083524,1.591e-06
Mo,42,95,94.905837386,1.589e-06
Mo,42,96,95.904674734,1.588e-06
Mo,42,97,96.906016735,1.596e-06
Mo,42,98,97.90540344,1.597e-06
Mo,42,99,98.907707149,1.603e-06
Mo,42,100,99.907473552,2.137e-06
Mo,42,101,100.910343218,2.138e-06
Mo,42,102,101.910280781,9.248e-06
Mo,42,103,102.913075038,1.0252e-05
Mo,42,104,103.913730897,9.964e-06
Mo,42,105,104.916965049,1.0127e-05
Mo,42,106,105.918255842,1.0155e-05
Mo,42,107,106.922102228,1.0252e-05
Mo,42,108,107.924029814,1.0252e-05
Mo,42,109,108.928420455,1.2292e-05
Mo,42,110,109.930699942,2.6136e-05
Mo,42,111,110.93552,0.00021
Mo,42,112,111.9382,0.00032
Mo,42,113,112.94317,0.00032
Mo,42,114,113.94633,0.00043
Mo,42,115,114.95196,0.00043
Tc,43,85,84.95058,0.00043
Tc,43,86,85.94493,0.00032
Tc,43,87,86.938067187,4.5e-06
Tc,43,88,87.933784781,4.1e-06
Tc,43,89,88.927648651,4.1e-06
Tc,43,90,89.924075001,3.718e-06
Tc,43,91,90.918424354,3.534e-06
Tc,43,92,91.915270758,4.047e-06
Tc,43,93,92.910244289,4.141e-06
Tc,43,94,93.909652257,4.648e-06
Tc,43,95,94.907652232,5.678e-06
Tc,43,96,95.90786664,5.747e-06
Tc,43,97,96.906360621,4.695e-06
Tc,43,98,97.907211555,3.93e-06
Tc,43,99,98.906250394,1.818e-06
Tc,43,100,99.907653428,2.111e-06
Tc,43,101,100.907311191,2.5853e-05
Tc,43,102,101.90921129,1.0001e-05
Tc,43,103,102.909177635,1.0682e-05
Tc,43,104,103.911422798,2.6807e-05
Tc,43,105,104.911653349,3.791e-05
Tc,43,106,105.914359324,1.3419e-05
Tc,43,107,106.91546218,9.466e-06
Tc,43,108,107.918497274,9.56e-06
Tc,43,109,108.920257922,1.0507e-05
Tc,43,110,109.923745116,1.0317e-05
Tc,43,111,110.925902854,1.1463e-05
Tc,43,112,111.929947782,6.274e-06
Tc,43,113,112.932498,0.000106
Tc,43,114,113.93682,0.00021
Tc,43,115,114.93982,0.00032
Tc,43,116,115.94476,0.00032
Tc,43,117,116.94806,0.00043
Tc,43,118,117.95299,0.00043
Ru,44,87,86.95069,0.00043
Ru,44,88,87.9416,0.00032
Ru,44,89,88.93762,0.00032
Ru,44,90,89.930344771,4.322e-06
Ru,44,91,90.926742643,3.077e-06
Ru,44,92,91.920234375,2.917e-06
Ru,44,93,92.917107375,4.3e-06
Ru,44,94,93.911347182,4.156e-06
Ru,44,95,94.91040438,1.0322e-05
Ru,44,96,95.907588876,1.593e-06
Ru,44,97,96.907545741,3.361e-06
Ru,44,98,97.905286743,6.939e-06
Ru,44,99,98.905935826,2.13e-06
Ru,44,100,99.904216001,2.13e-06
Ru,44,101,100.905578619,2.135e-06
Ru,44,102,101.904345844,2.135e-06
Ru,44,103,102.906320378,2.139e-06
Ru,44,104,103.905428985,3.223e-06
Ru,44,105,104.907749149,3.225e-06
Ru,44,106,105.90733083,6.374e-06
Ru,44,107,106.90997358,9.466e-06
Ru,44,108,107.910189574,9.466e-06
Ru,44,109,108.913327522,9.748e-06
Ru,44,110,109.914041768,9.755e-06
Ru,44,111,110.917571454,1.0507e-05
Ru,44,112,111.918810847,1.0412e-05
Ru,44,113,112.922839663,3.8349e-05
Ru,44,114,113.924620589,1.3394e-05
Ru,44,115,114.928942576,9.5029e-05
Ru,44,116,115.93112,0.00021
Ru,44,117,116.93606,0.00021
Ru,44,118,117.93853,0.00032
Ru,44,119,118.94357,0.00032
Ru,44,120,119.94631,0.00043
Rh,45,89,88.950584,0.000385
Rh,45,90,89.94422,0.00043
Rh,45,91,90.93688,0.00043
Rh,45,92,91.932367695,4.7e-06
Rh,45,93,92.925907193,3.298e-06
Rh,45,94,93.921730655,4.6e-06
Rh,45,95,94.915896024,4.5e-06
Rh,45,96,95.914451671,1.0853e-05
Rh,45,97,96.911327837,3.8104e-05
Rh,45,98,97.910707769,1.2782e-05
Rh,45,99,98.908129393,7.456e-06
Rh,45,100,99.908118697,1.9534e-05
Rh,45,101,100.906159636,6.474e-06
Rh,45,102,101.906839562,5.293e-06
Rh,45,103,102.905500586,2.988e-06
Rh,45,104,103.906651813,2.989e-06
Rh,45,105,104.905690296,3.885e-06
Rh,45,106,105.907288528,6.373e-06
Rh,45,107,106.906751276,1.3234e-05
Rh,45,108,107.90871486,1.5185e-05
Rh,45,109,108.908737285,6.471e-06
Rh,45,110,109.911063692,2.0117e-05
Rh,45,111,110.911642707,7.673e-06
Rh,45,112,111.914402264,4.7359e-05
Rh,45,113,112.915439746,7.959e-06
Rh,45,114,113.918718534,7.6833e-05
Rh,45,115,114.920311176,8.151e-06
Rh,45,116,115.924056134,7.0361e-05
Rh,45,117,116.926035809,9.79e-06
Rh,45,118,117.93034063,2.6107e-05
Rh,45,119,118.93253,0.00021
Rh,45,120,119.93686,0.00021
Rh,45,121,120.93942,0.00032
Rh,45,122,121.94375,0.00032
Pd,46,91,90.95032,0.00054
Pd,46,92,91.94088,0.00054
Pd,46,93,92.93652,0.00043
Pd,46,94,93.929036224,4.867e-06
Pd,46,95,94.924888346,4.962e-06
Pd,46,96,95.918213689,4.773e-06
Pd,46,97,96.916471988,5.2e-06
Pd,46,98,97.912698809,4.962e-06
Pd,46,99,98.911771237,5.434e-06
Pd,46,100,99.908505561,1.9048e-05
Pd,46,101,100.908285238,5.189e-06
Pd,46,102,101.905604763,3.188e-06
Pd,46,103,102.906083533,3.094e-06
Pd,46,104,103.904032393,3.707e-06
Pd,46,105,104.905081479,3.63e-06
Pd,46,106,105.903482281,3.625e-06
Pd,46,107,106.90513003,3.626e-06
Pd,46,108,107.903895105,3.03e-06
Pd,46,109,108.905953855,3.026e-06
Pd,46,110,109.905154035,7.176e-06
Pd,46,111,110.907671515,7.189e-06
Pd,46,112,111.907328136,7.334e-06
Pd,46,113,112.910261446,7.769e-06
Pd,46,114,113.910368961,7.769e-06
Pd,46,115,114.913658838,1.467e-05
Pd,46,116,115.914297394,7.959e-06
Pd,46,117,116.917955122,8.043e-06
Pd,46,118,117.91906433,8.246e-06
Pd,46,119,118.923340648,9.112e-06
Pd,46,120,119.924519163,9.984e-06
Pd,46,121,120.92887,0.00054
Pd,46,122,121.93055,0.00043
Pd,46,123,122.93493,0.00064
Pd,46,124,123.93688,0.00054
Ag,47,93,92.95033,0.00054
Ag,47,94,93.943733,0.000689
Ag,47,95,94.93602,0.00043
Ag,47,96,95.930623945,6.4569e-05
Ag,47,97,96.923965326,0.000118204
Ag,47,98,97.921576568,4e-05
Ag,47,99,98.917645768,6.725e-06
Ag,47,100,99.916115446,5.367e-06
Ag,47,101,100.912683954,5.193e-06
Ag,47,102,101.911704535,8.774e-06
Ag,47,103,102.908963114,4.129e-06
Ag,47,104,103.908625717,5.673e-06
Ag,47,105,104.906525637,4.869e-06
Ag,47,106,105.906665443,4.648e-06
Ag,47,107,106.905092732,3.292e-06
Ag,47,108,107.905951468,3.297e-06
Ag,47,109,108.904755649,2.179e-06
Ag,47,110,109.906110586,2.178e-06
Ag,47,111,110.905294151,2.374e-06
Ag,47,112,111.907048555,2.6e-06
Ag,47,113,112.906569499,1.7949e-05
Ag,47,114,113.908823035,4.9e-06
Ag,47,115,114.908766682,1.9616e-05
Ag,47,116,115.911386816,3.5e-06
Ag,47,117,116.911774006,1.4574e-05
Ag,47,118,117.91459549,2.7e-06
Ag,47,119,118.915570299,1.5783e-05
Ag,47,120,119.918784771,4.8e-06
Ag,47,121,120.920125285,1.3e-05
Ag,47,122,121.923664451,4.1e-05
Ag,47,123,122.925337065,3.3e-05
Ag,47,124,123.928931231,0.00027
Ag,47,125,124.93083,0.00021
Ag,47,126,125.93467,0.00021
Ag,47,127,126.93691,0.00032
Ag,47,128,127.94102,0.00032
Ag,47,129,128.94357,0.00043
Ag,47,130,129.950298,0.000358
Cd,48,96,95.94034,0.00043
Cd,48,97,96.9351,0.00032
Cd,48,98,97.927405913,5.8685e-05
Cd,48,99,98.924925848,1.7e-06
Cd,48,100,99.920348818,1.799e-06
Cd,48,101,100.918586547,1.541e-06
Cd,48,102,101.914481794,1.795e-06
Cd,48,103,102.913416315,1.932e-06
Cd,48,104,103.909856226,1.805e-06
Cd,48,105,104.909463816,1.445e-06
Cd,48,106,105.906461655,1.797e-06
Cd,48,107,106.906612305,1.816e-06
Cd,48,108,107.90418351,2.232e-06
Cd,48,109,108.904986713,1.7e-06
Cd,48,110,109.903004927,1.83e-06
Cd,48,111,110.904181101,1.825e-06
Cd,48,112,111.902760801,1.807e-06
Cd,48,113,112.904404738,1.744e-06
Cd,48,114,113.903361614,1.748e-06
Cd,48,115,114.905434041,1.859e-06
Cd,48,116,115.904758931,1.803e-06
Cd,48,117,116.90722174,2.098e-06
Cd,48,118,117.906917652,2.1546e-05
Cd,48,119,118.909846946,4.047e-05
Cd,48,120,119.909868071,4e-06
Cd,48,121,120.912980924,9.0792e-05
Cd,48,122,121.913454551,4.7e-06
Cd,48,123,122.916994949,4.0144e-05
Cd,48,124,123.917661905,9.891e-06
Cd,48,125,124.921257782,6.5395e-05
Cd,48,126,125.922429506,4.5e-06
Cd,48,127,126.926531578,6.8552e-05
Cd,48,128,127.927803786,1.8e-05
Cd,48,129,128.93203,0.00021
Cd,48,130,129.93393597,0.000176807
Cd,48,131,130.94055,0.00021
Cd,48,132,131.94539,0.00032
In,49,98,97.94214,0.00021
In,49,99,98.93411,0.00021
In,49,100,99.930923655,0.000193571
In,49,101,100.92634,0.00032
In,49,102,101.924105879,5.117e-06
In,49,103,102.919881873,9.798e-06
In,49,104,103.918214541,6.2e-06
In,49,105,104.914502325,1.1e-05
In,49,106,105.913468112,1.2198e-05
In,49,107,106.910290231,1.11e-05
In,49,108,107.909697587,1.0032e-05
In,49,109,108.907150691,4.521e-06
In,49,110,109.907168131,1.253e-05
In,49,111,110.905105918,4.143e-06
In,49,112,111.905535627,4.9e-06
In,49,113,112.904059138,1.659e-06
In,49,114,113.904915265,1.65e-06
In,49,115,114.903878776,1.2e-08
In,49,116,115.905259995,2.36e-07
In,49,117,116.904515726,5.24e-06
In,49,118,117.906356682,8.324e-06
In,49,119,118.905851133,8.131e-06
In,49,120,119.907966995,4.3006e-05
In,49,121,120.907849382,2.9449e-05
In,49,122,121.910279571,5.3749e-05
In,49,123,122.910436738,2.5078e-05
In,49,124,123.913183837,3.3319e-05
In,49,125,124.913602458,3.157e-05
In,49,126,125.916463493,4.3414e-05
In,49,127,126.91745297,2.401e-05
In,49,128,127.92017055,5.2136e-05
In,49,129,128.921831173,4.1714e-05
In,49,130,129.924971876,4.1915e-05
In,49,131,130.926945624,2.1564e-05
In,49,132,131.932996267,6.4777e-05
In,49,133,132.93799,0.00032
In,49,134,133.94415,0.00043
In,49,135,134.94933,0.00054
Sn,50,100,99.938888483,0.00060187
Sn,50,101,100.93572,0.00032
Sn,50,102,101.930289494,0.000107476
Sn,50,103,102.928105222,7.5784e-05
Sn,50,104,103.923107629,6.4e-06
Sn,50,105,104.921268429,4.263e-06
Sn,50,106,105.916957404,5.465e-06
Sn,50,107,106.915713651,5.7e-06
Sn,50,108,107.911892833,5.9e-06
Sn,50,109,108.911289859,8.653e-06
Sn,50,110,109.907842791,1.479e-05
Sn,50,111,110.907738059,6e-06
Sn,50,112,111.904821807,1.813e-06
Sn,50,113,112.905173525,2.364e-06
Sn,50,114,113.902780398,1.58e-06
Sn,50,115,114.903344699,1.6e-08
Sn,50,116,115.901742835,1.03e-07
Sn,50,117,116.902954032,5.24e-07
Sn,50,118,117.901606625,5.42e-07
Sn,50,119,118.90331124,7.99e-07
Sn,50,120,119.902202063,2.366e-06
Sn,50,121,120.904242962,2.381e-06
Sn,50,122,121.903442607,2.781e-06
Sn,50,123,122.905723879,2.785e-06
Sn,50,124,123.905273581,1.492e-06
Sn,50,125,124.907783761,1.607e-06
Sn,50,126,125.907652915,1.1484e-05
Sn,50,127,126.910391348,1.0922e-05
Sn,50,128,127.910534847,2.9174e-05
Sn,50,129,128.913479,3.1e-05
Sn,50,130,129.913969121,9.626e-06
Sn,50,131,130.917045399,9.571e-06
Sn,50,132,131.917821719,6.866e-06
Sn,50,133,132.923942655,2.5e-05
Sn,50,134,133.928798822,0.00016
Sn,50,135,134.93493,0.00043
Sn,50,136,135.93956,0.00054
Sn,50,137,136.94599,0.00064
Sb,51,103,102.93969,0.00032
Sb,51,104,103.936477,0.000234
Sb,51,105,104.931450754,1.7328e-05
Sb,51,106,105.928637981,8e-06
Sb,51,107,106.924150641,4.452e-06
Sb,51,108,107.922226733,5.9e-06
Sb,51,109,108.91814089,5.654e-06
Sb,51,110,109.916854285,6.4e-06
Sb,51,111,110.913218194,9.5e-06
Sb,51,112,111.912398009,1.914e-05
Sb,51,113,112.90937462,1.8531e-05
Sb,51,114,113.909289295,2.3452e-05
Sb,51,115,114.906598,1.7203e-05
Sb,51,116,115.90679267,5.571e-06
Sb,51,117,116.90483826,9.603e-06
Sb,51,118,117.905532189,3.239e-06
Sb,51,119,118.903945529,8.268e-06
Sb,51,120,119.905079814,8.021e-06
Sb,51,121,120.903810584,3.054e-06
Sb,51,122,121.905168565,3.051e-06
Sb,51,123,122.904211755,2.338e-06
Sb,51,124,123.905933528,2.337e-06
Sb,51,125,124.90525154,2.837e-06
Sb,51,126,125.907247116,3.4192e-05
Sb,51,127,126.906922931,5.525e-06
Sb,51,128,127.909167224,2.6854e-05
Sb,51,129,128.909146664,2.2792e-05
Sb,51,130,129.911657808,1.7459e-05
Sb,51,131,130.911995112,1.1992e-05
Sb,51,132,131.914472107,1.1218e-05
Sb,51,133,132.915251659,2.7301e-05
Sb,51,134,133.920379736,4.6659e-05
Sb,51,135,134.925080277,5.1462e-05
Sb,51,136,135.93073,0.00032
Sb,51,137,136.93516,0.00043
Sb,51,138,137.94112,0.00032
Sb,51,139,138.94598,0.00054
Te,52,105,104.943572,0.00032
Te,52,106,105.937498405,0.000107944
Te,52,107,106.935011531,7.5968e-05
Te,52,108,107.929378333,6e-06
Te,52,109,108.927304534,4.704e-06
Te,52,110,109.922458091,7.058e-06
Te,52,111,110.921000594,6.9e-06
Te,52,112,111.916727855,9e-06
Te,52,113,112.915891,3e-05
Te,52,114,113.912089,3e-05
Te,52,115,114.911902,3e-05
Te,52,116,115.90846,3e-05
Te,52,117,116.908644719,1.4398e-05
Te,52,118,117.905867748,2.0397e-05
Te,52,119,118.906407166,8.542e-06
Te,52,120,119.904057681,3.36e-06
Te,52,121,120.904942367,2.7769e-05
Te,52,122,121.903041987,1.698e-06
Te,52,123,122.904268301,1.696e-06
Te,52,124,123.902815617,1.693e-06
Te,52,125,124.904428453,1.693e-06
Te,52,126,125.903309419,1.694e-06
Te,52,127,126.905224269,1.705e-06
Te,52,128,127.904461278,9.29e-07
Te,52,129,128.90659646,9.33e-07
Te,52,130,129.906222749,1.2e-08
Te,52,131,130.908522213,6.5e-08
Te,52,132,131.908555187,7.273e-06
Te,52,133,132.910955335,2.6247e-05
Te,52,134,133.911368729,1.1447e-05
Te,52,135,134.916367067,1.5999e-05
Te,52,136,135.920043439,2.65e-05
Te,52,137,136.925614,0.000129
Te,52,138,137.929409,0.000131
Te,52,139,138.93517,0.00043
Te,52,140,139.93924,0.00032
Te,52,141,140.94529,0.00043
Te,52,142,141.94965,0.00064
I,53,108,107.943481,0.000228
I,53,109,108.938083153,6.322e-06
I,53,110,109.935089033,5.427e-05
I,53,111,110.930269215,5.103e-06
I,53,112,111.928004555,1.1e-05
I,53,113,112.923650069,8.6e-06
I,53,114,113.92185,0.00032
I,53,115,114.918048,3.1e-05
I,53,116,115.916808662,0.000103695
I,53,117,116.91365,3e-05
I,53,118,117.913074,2.1213e-05
I,53,119,118.910074,3e-05
I,53,120,119.910085632,1.645e-05
I,53,121,120.907403433,5.777e-06
I,53,122,121.907587373,5.629e-06
I,53,123,122.905587117,4.046e-06
I,53,124,123.906207573,2.617e-06
I,53,125,124.904627886,1.694e-06
I,53,126,125.905622279,4.106e-06
I,53,127,126.904470953,3.928e-06
I,53,128,127.905807715,3.928e-06
I,53,129,128.904983669,3.401e-06
I,53,130,129.906670193,3.401e-06
I,53,131,130.906126305,6.9e-07
I,53,132,131.907999281,6.089e-06
I,53,133,132.907796968,5.007e-06
I,53,134,133.909744457,8.635e-06
I,53,135,134.910046307,8.023e-06
I,53,136,135.914575828,2.0151e-05
I,53,137,136.91786653,2.8806e-05
I,53,138,137.922807,0.000107
I,53,139,138.926433,0.00013
I,53,140,139.931727,0.00013
I,53,141,140.935264,0.000137
I,53,142,141.94093,0.00043
I,53,143,142.94518,0.00043
I,53,144,143.95086,0.00054
Xe,54,109,108.950703,0.00032
Xe,54,110,109.944261843,0.000108551
Xe,54,111,110.941607164,9.3018e-05
Xe,54,112,111.935556848,9.017e-06
Xe,54,113,112.93322165,7.342e-06
Xe,54,114,113.927980335,1.2e-05
Xe,54,115,114.926293949,1.3e-05
Xe,54,116,115.921581116,1.4e-05
Xe,54,117,116.920358764,1.1141e-05
Xe,54,118,117.916178683,1.1141e-05
Xe,54,119,118.915410717,1.1141e-05
Xe,54,120,119.911784273,1.2686e-05
Xe,54,121,120.911461858,1.1928e-05
Xe,54,122,121.908367661,1.1928e-05
Xe,54,123,122.908481197,1.024e-05
Xe,54,124,123.905891751,1.938e-06
Xe,54,125,124.906394213,1.984e-06
Xe,54,126,125.904297589,3.905e-06
Xe,54,127,126.905182033,4.423e-06
Xe,54,128,127.903531011,1.138e-06
Xe,54,129,128.90478086126,5.96e-09
Xe,54,130,129.90350935,1e-08
Xe,54,131,130.905084057,2.36e-07
Xe,54,132,131.90415508571,5.59e-09
Xe,54,133,132.905910751,2.576e-06
Xe,54,134,133.905394456,9.01e-07
Xe,54,135,134.907226844,4.901e-06
Xe,54,136,135.907214484,1.1e-08
Xe,54,137,136.911557815,1.18e-07
Xe,54,138,137.914143236,3.5e-06
Xe,54,139,138.918792202,2.3e-06
Xe,54,140,139.921645816,2.5e-06
Xe,54,141,140.926787182,3.1e-06
Xe,54,142,141.929973096,2.9e-06
Xe,54,143,142.935369551,5e-06
Xe,54,144,143.938945077,5.7e-06
Xe,54,145,144.944719632,1.2e-05
Xe,54,146,145.948518246,2.6e-05
Xe,54,147,146.95434,0.00043
Cs,55,112,111.950306383,9.3321e-05
Cs,55,113,112.94442701,9.426e-06
Cs,55,114,113.941296175,7.6331e-05
Cs,55,115,114.93591,0.00032
Cs,55,116,115.933368,0.000108
Cs,55,117,116.92861673,6.7e-05
Cs,55,118,117.926559523,1.369e-05
Cs,55,119,118.922377333,1.4965e-05
Cs,55,120,119.920677282,1.0702e-05
Cs,55,121,120.917229209,1.4832e-05
Cs,55,122,121.916111005,3.5577e-05
Cs,55,123,122.912996065,1.3e-05
Cs,55,124,123.912257798,8.914e-06
Cs,55,125,124.909727916,8.313e-06
Cs,55,126,125.909452006,1.3e-05
Cs,55,127,126.907417208,5.988e-06
Cs,55,128,127.90774866,5.843e-06
Cs,55,129,128.906065603,4.896e-06
Cs,55,130,129.906709283,8.971e-06
Cs,55,131,130.905464863,5.342e-06
Cs,55,132,131.906434449,2.036e-06
Cs,55,133,132.905451961,8e-09
Cs,55,134,133.906718504,1.7e-08
Cs,55,135,134.905977005,1.073e-06
Cs,55,136,135.907311262,2.025e-06
Cs,55,137,136.907089135,4.08e-07
Cs,55,138,137.911017041,9.832e-06
Cs,55,139,138.913363663,3.373e-06
Cs,55,140,139.917283038,8.805e-06
Cs,55,141,140.920042053,1.0929e-05
Cs,55,142,141.924287887,1.1373e-05
Cs,55,143,142.927347969,2.3726e-05
Cs,55,144,143.932075464,2.7125e-05
Cs,55,145,144.935527461,1.1549e-05
Cs,55,146,145.940344031,4.2478e-05
Cs,55,147,146.944156478,5.6916e-05
Cs,55,148,147.94922731,0.000617895
Cs,55,149,148.95293,0.00021
Cs,55,150,149.95817,0.00032
Cs,55,151,150.96236,0.00043
Ba,56,114,113.95065918,0.000117321
Ba,56,115,114.94737,0.00064
Ba,56,116,115.94138,0.00043
Ba,56,117,116.938316565,0.00026875
Ba,56,118,117.93304,0.00021
Ba,56,119,118.93065969,0.000214997
Ba,56,120,119.926045003,0.000322241
Ba,56,121,120.924054499,0.000152283
Ba,56,122,121.919904,3e-05
Ba,56,123,122.918781065,1.3e-05
Ba,56,124,123.915093631,1.3416e-05
Ba,56,125,124.914472941,1.1928e-05
Ba,56,126,125.911250206,1.3416e-05
Ba,56,127,126.911093826,1.2332e-05
Ba,56,128,127.908341681,5.595e-06
Ba,56,129,128.908679888,1.1735e-05
Ba,56,130,129.906320534,2.749e-06
Ba,56,131,130.906940842,2.766e-06
Ba,56,132,131.905061143,1.131e-06
Ba,56,133,132.906007365,1.065e-06
Ba,56,134,133.904508093,3.5e-07
Ba,56,135,134.90568828,3.55e-07
Ba,56,136,135.904575631,3.56e-07
Ba,56,137,136.905827046,3.64e-07
Ba,56,138,137.905246899,3.66e-07
Ba,56,139,138.908841004,3.69e-07
Ba,56,140,139.910605633,8.534e-06
Ba,56,141,140.914402957,5.739e-06
Ba,56,142,141.916429935,6.666e-06
Ba,56,143,142.920625195,7.431e-06
Ba,56,144,143.922954824,7.702e-06
Ba,56,145,144.9275184,9.1e-06
Ba,56,146,145.930283286,2.194e-05
Ba,56,147,146.9353039,2.12e-05
Ba,56,148,147.938170578,6.7718e-05
Ba,56,149,148.94292,0.00021
Ba,56,150,149.94595,0.00043
Ba,56,151,150.95108,0.00043
La,57,117,116.950085,0.00043
La,57,120,119.93807,0.00054
La,57,121,120.93301,0.00054
La,57,122,121.93071,0.00032
La,57,123,122.92624,0.00021
La,57,124,123.924574275,6.0836e-05
La,57,125,124.920816034,2.7854e-05
La,57,126,125.919512667,9.7163e-05
La,57,127,126.916375448,2.7854e-05
La,57,128,127.915585177,5.8452e-05
La,57,129,128.912692815,2.2459e-05
La,57,130,129.912368724,2.7854e-05
La,57,131,130.91007,3e-05
La,57,132,131.910118989,3.9032e-05
La,57,133,132.908218,3e-05
La,57,134,133.908514011,2.1395e-05
La,57,135,134.906976533,1.0741e-05
La,57,136,135.907635536,5.6805e-05
La,57,137,136.9064878,1.3105e-05
La,57,138,137.907115289,3.69e-06
La,57,139,138.906356626,2.448e-06
La,57,140,139.909481006,2.448e-06
La,57,141,140.910966566,4.79e-06
La,57,142,141.914092777,7.08e-06
La,57,143,142.916079645,7.872e-06
La,57,144,143.9196629,1.93e-05
La,57,145,144.9218112,1.33e-05
La,57,146,145.925872742,3.6167e-05
La,57,147,146.9284178,1.15e-05
La,57,148,147.9326794,2.09e-05
La,57,149,148.93535126,0.00021499
La,57,150,149.93929,0.00021
La,57,151,150.94215,0.00021
La,57,152,151.94661,0.00032
La,57,153,152.95001,0.00032
Ce,58,121,120.94361,0.00054
Ce,58,122,121.93806,0.00043
Ce,58,123,122.93549,0.00032
Ce,58,124,123.93062,0.00032
Ce,58,125,124.92844,0.00021
Ce,58,126,125.923971,3e-05
Ce,58,127,126.922731,6.2e-05
Ce,58,128,127.918911,3e-05
Ce,58,129,128.918102,3e-05
Ce,58,130,129.914736,3e-05
Ce,58,131,130.914430422,3.5214e-05
Ce,58,132,131.911463526,2.1968e-05
Ce,58,133,132.91151502,1.7557e-05
Ce,58,134,133.908924821,2.1886e-05
Ce,58,135,134.909151085,1.1852e-05
Ce,58,136,135.907166768,1.3035e-05
Ce,58,137,136.907799922,1.3035e-05
Ce,58,138,137.905995818,1.0838e-05
Ce,58,139,138.906655476,7.845e-06
Ce,58,140,139.90544368,2.357e-06
Ce,58,141,140.908281247,2.357e-06
Ce,58,142,141.909251092,2.939e-06
Ce,58,143,142.912392837,2.938e-06
Ce,58,144,143.913653527,3.369e-06
Ce,58,145,144.917237292,4.0093e-05
Ce,58,146,145.918796148,1.9466e-05
Ce,58,147,146.92268996,9.211e-06
Ce,58,148,147.924424373,1.2019e-05
Ce,58,149,148.9284269,1.1e-05
Ce,58,150,149.9303814,1.31e-05
Ce,58,151,150.9342722,1.9e-05
Ce,58,152,151.93633,0.00021
Ce,58,153,152.94071,0.00032
Ce,58,154,153.94339,0.00032
Ce,58,155,154.9482,0.00043
Pr,59,121,120.95559,0.00075
Pr,59,124,123.94311,0.00064
Pr,59,125,124.93802,0.00043
Pr,59,126,125.93544,0.00021
Pr,59,127,126.93095,0.00021
Pr,59,128,127.928791,3.2e-05
Pr,59,129,128.925095,3.2e-05
Pr,59,130,129.92359,6.9e-05
Pr,59,131,130.920235054,5.0451e-05
Pr,59,132,131.919255,6.1e-05
Pr,59,133,132.916330561,1.3416e-05
Pr,59,134,133.915711737,3.8078e-05
Pr,59,135,134.913111774,1.2686e-05
Pr,59,136,135.912689776,1.3018e-05
Pr,59,137,136.910703987,1.2268e-05
Pr,59,138,137.910759134,1.5255e-05
Pr,59,139,138.908941126,8.46e-06
Pr,59,140,139.909080848,6.859e-06
Pr,59,141,140.907658145,2.31e-06
Pr,59,142,141.910050184,2.31e-06
Pr,59,143,142.910823426,2.42e-06
Pr,59,144,143.913311446,3.248e-06
Pr,59,145,144.914517912,7.821e-06
Pr,59,146,145.917675019,3.7979e-05
Pr,59,147,146.919007797,1.7034e-05
Pr,59,148,147.922130429,1.6154e-05
Pr,59,149,148.9237361,1.06e-05
Pr,59,150,149.926677448,9.916e-06
Pr,59,151,150.928308227,1.2522e-05
Pr,59,152,151.9315529,1.99e-05
Pr,59,153,152.9338895,1.53e-05
Pr,59,154,153.937525332,0.000162793
Pr,59,155,154.94012,0.00032
Pr,59,156,155.94427,0.00043
Nd,60,125,124.94911,0.00043
Nd,60,126,125.94353,0.00043
Nd,60,127,126.94065,0.00043
Nd,60,129,128.933188,0.000217
Nd,60,130,129.928506,3e-05
Nd,60,131,130.927248023,2.9541e-05
Nd,60,132,131.923321237,2.5985e-05
Nd,60,133,132.922348,5e-05
Nd,60,134,133.91879021,1.2686e-05
Nd,60,135,134.918181189,2.0714e-05
Nd,60,136,135.914976063,1.2686e-05
Nd,60,137,136.914562448,1.26e-05
Nd,60,138,137.91194999,1.2686e-05
Nd,60,139,138.911953759,2.9632e-05
Nd,60,140,139.909549849,2.7927e-05
Nd,60,141,140.90961523,3.799e-06
Nd,60,142,141.907729582,1.979e-06
Nd,60,143,142.909820577,1.978e-06
Nd,60,144,143.910093562,1.978e-06
Nd,60,145,144.912579909,1.978e-06
Nd,60,146,145.913123215,1.978e-06
Nd,60,147,146.916106722,1.978e-06
Nd,60,148,147.916900308,2.577e-06
Nd,60,149,148.920155863,2.578e-06
Nd,60,150,149.920897756,2.918e-06
Nd,60,151,150.923835796,2.92e-06
Nd,60,152,151.924689137,2.6355e-05
Nd,60,153,152.927705328,2.9302e-05
Nd,60,154,153.929484486,0.000122378
Nd,60,155,154.932939,0.000164
Nd,60,156,155.935026108,0.00021785
Nd,60,157,156.93903,0.00021
Nd,60,158,157.9416,0.00043
Pm,61,128,127.94894,0.00054
Pm,61,129,128.94364,0.00043
Pm,61,130,129.94074,0.00032
Pm,61,131,130.93603,0.00021
Pm,61,132,131.93383,0.00021
Pm,61,133,132.929782,5.4e-05
Pm,61,134,133.928353,6.2e-05
Pm,61,135,134.924876,6.3e-05
Pm,61,136,135.923565829,8.3802e-05
Pm,61,137,136.920479522,1.4e-05
Pm,61,138,137.919548281,2.9516e-05
Pm,61,139,138.91679969,1.4593e-05
Pm,61,140,139.916039639,3.7997e-05
Pm,61,141,140.913555082,1.5e-05
Pm,61,142,141.912874471,2.6904e-05
Pm,61,143,142.910938458,3.482e-06
Pm,61,144,143.912596557,3.465e-06
Pm,61,145,144.912756061,3.38e-06
Pm,61,146,145.914702633,4.802e-06
Pm,61,147,146.915145312,1.967e-06
Pm,61,148,147.917481981,6.272e-06
Pm,61,149,148.918342448,2.732e-06
Pm,61,150,149.920990952,2.1551e-05
Pm,61,151,150.921213947,5.446e-06
Pm,61,152,151.923503736,2.7868e-05
Pm,61,153,152.924123985,1.1761e-05
Pm,61,154,153.926471123,4.8052e-05
Pm,61,155,154.928108447,3.227e-05
Pm,61,156,155.93106473,3.6861e-05
Pm,61,157,156.933047428,0.000120147
Pm,61,158,157.936526677,0.000120167
Pm,61,159,158.939005719,0.000165881
Sm,62,129,128.95563,0.00075
Sm,62,131,130.94673,0.00032
Sm,62,132,131.94126,0.00032
Sm,62,133,132.93899,0.00021
Sm,62,134,133.93428,0.00021
Sm,62,135,134.93252,0.000166
Sm,62,136,135.928275555,1.3416e-05
Sm,62,137,136.926970517,4.5512e-05
Sm,62,138,137.92324399,1.2686e-05
Sm,62,139,138.922296633,1.1684e-05
Sm,62,140,139.918994716,1.3416e-05
Sm,62,141,140.918481077,9.229e-06
Sm,62,142,141.915203875,3.889e-06
Sm,62,143,142.914635022,3.625e-06
Sm,62,144,143.912006109,2.668e-06
Sm,62,145,144.913416988,2.676e-06
Sm,62,146,145.913047227,3.562e-06
Sm,62,147,146.914904734,1.961e-06
Sm,62,148,147.914829507,1.963e-06
Sm,62,149,148.917192099,1.89e-06
Sm,62,150,149.91728293,1.859e-06
Sm,62,151,150.919939808,1.859e-06
Sm,62,152,151.919739444,1.808e-06
Sm,62,153,152.922104375,1.813e-06
Sm,62,154,153.922216453,2.011e-06
Sm,62,155,154.92464734,2.031e-06
Sm,62,156,155.925535881,1.0053e-05
Sm,62,157,156.928366775,5.3949e-05
Sm,62,158,157.929999528,8.4048e-05
Sm,62,159,158.933176374,7.0198e-05
Sm,62,160,159.93514,0.00021
Sm,62,161,160.939076288,0.000153723
Sm,62,162,161.94122,0.00054
Eu,63,130,129.964559,0.00075
Eu,63,131,130.958503,0.00043
Eu,63,134,133.94662,0.00021
Eu,63,135,134.94197,0.00032
Eu,63,136,135.93977,0.00021
Eu,63,137,136.93557,0.00021
Eu,63,138,137.933709,3e-05
Eu,63,139,138.929792309,1.4117e-05
Eu,63,140,139.928087635,5.5328e-05
Eu,63,141,140.924931645,1.3569e-05
Eu,63,142,141.92344118,3.244e-05
Eu,63,143,142.920297538,1.1793e-05
Eu,63,144,143.918819414,1.1611e-05
Eu,63,145,144.91627215,3.9e-06
Eu,63,146,145.917211146,6.575e-06
Eu,63,147,146.916752819,3.092e-06
Eu,63,148,147.918089051,1.0792e-05
Eu,63,149,148.917937781,4.428e-06
Eu,63,150,149.919708184,6.811e-06
Eu,63,151,150.919858012,1.906e-06
Eu,63,152,151.921752399,1.907e-06
Eu,63,153,152.921238215,1.91e-06
Eu,63,154,153.92298716,1.921e-06
Eu,63,155,154.922901292,1.968e-06
Eu,63,156,155.924760333,5.942e-06
Eu,63,157,156.925431706,5.415e-06
Eu,63,158,157.927853513,8.2491e-05
Eu,63,159,158.929096906,7.647e-06
Eu,63,160,159.932102634,6.444e-05
Eu,63,161,160.93365489,6.4449e-05
Eu,63,162,161.936988694,6.4569e-05
Gd,64,135,134.95277,0.00054
Gd,64,136,135.94748,0.00043
Gd,64,137,136.94502,0.00043
Gd,64,138,137.94025,0.00021
Gd,64,139,138.93813,0.00021
Gd,64,140,139.933674,3e-05
Gd,64,141,140.932126,2.1213e-05
Gd,64,142,141.928116,3e-05
Gd,64,143,142.926749539,0.000215032
Gd,64,144,143.922963,3e-05
Gd,64,145,144.921709252,2.0135e-05
Gd,64,146,145.918317163,4.806e-06
Gd,64,147,146.919101103,2.921e-06
Gd,64,148,147.918121154,2.668e-06
Gd,64,149,148.919347853,3.939e-06
Gd,64,150,149.918664987,6.626e-06
Gd,64,151,150.920356152,3.513e-06
Gd,64,152,151.919799226,1.803e-06
Gd,64,153,152.921757764,1.8e-06
Gd,64,154,153.920873805,1.795e-06
Gd,64,155,154.922630224,1.79e-06
Gd,64,156,155.922130947,1.79e-06
Gd,64,157,156.923968345,1.79e-06
Gd,64,158,157.924112124,1.79e-06
Gd,64,159,158.926396746,1.793e-06
Gd,64,160,159.927062344,1.883e-06
Gd,64,161,160.929677409,2.168e-06
Gd,64,162,161.93099295,4.493e-06
Gd,64,163,162.934004459,7.5298e-05
Gd,64,164,163.93574,0.00043
Gd,64,165,164.93923,0.00054
Gd,64,166,165.94146,0.00064
Tb,65,135,134.96503,0.00043
Tb,65,138,137.95335,0.00043
Tb,65,139,138.94848,0.00032
Tb,65,140,139.945805049,0.000859359
Tb,65,141,140.941448,0.000113
Tb,65,142,141.939280859,0.000752079
Tb,65,143,142.935137336,5.5e-05
Tb,65,144,143.933045,3e-05
Tb,65,145,144.929274,6.1e-05
Tb,65,146,145.927251659,4.8185e-05
Tb,65,147,146.924054379,8.75e-06
Tb,65,148,147.924271906,1.3524e-05
Tb,65,149,148.923252994,4.408e-06
Tb,65,150,149.923665096,8.013e-06
Tb,65,151,150.923109782,4.612e-06
Tb,65,152,151.924082668,4.2979e-05
Tb,65,153,152.92344214,4.487e-06
Tb,65,154,153.924686225,4.8662e-05
Tb,65,155,154.923513257,1.2881e-05
Tb,65,156,155.924755236,4.316e-06
Tb,65,157,156.92403281,1.817e-06
Tb,65,158,157.925421172,2.019e-06
Tb,65,159,158.92535479,1.92e-06
Tb,65,160,159.927175639,1.925e-06
Tb,65,161,160.927577948,2.003e-06
Tb,65,162,161.929495698,3.9091e-05
Tb,65,163,162.930655001,4.758e-06
Tb,65,164,163.933358303,0.000107374
Tb,65,165,164.93488,0.00021
Tb,65,166,165.937859863,7.5177e-05
Tb,65,167,166.93996,0.00043
Tb,65,168,167.94354,0.00054
Dy,66,139,138.9596,0.00054
Dy,66,140,139.95413,0.00054
Dy,66,141,140.95144,0.00032
Dy,66,142,141.946474,0.000782
Dy,66,143,142.943994336,1.4e-05
Dy,66,144,143.939269516,7.7e-06
Dy,66,145,144.937473996,7e-06
Dy,66,146,145.932844524,7.187e-06
Dy,66,147,146.931084183,8.67e-06
Dy,66,148,147.927149634,9.163e-06
Dy,66,149,148.927318053,9.731e-06
Dy,66,150,149.925591726,5.041e-06
Dy,66,151,150.926191284,4.072e-06
Dy,66,152,151.924724929,5.383e-06
Dy,66,153,152.925772115,4.551e-06
Dy,66,154,153.924430096,8.085e-06
Dy,66,155,154.925761796,1.2719e-05
Dy,66,156,155.924291131,6.822e-06
Dy,66,157,156.925474457,6.884e-06
Dy,66,158,157.924417155,3.161e-06
Dy,66,159,158.925747104,2.225e-06
Dy,66,160,159.925204984,2.05e-06
Dy,66,161,160.92694083,2.05e-06
Dy,66,162,161.926805911,2.05e-06
Dy,66,163,162.928738624,2.05e-06
Dy,66,164,163.929182216,2.051e-06
Dy,66,165,164.931710798,2.051e-06
Dy,66,166,165.932814205,2.096e-06
Dy,66,167,166.935662529,6.4688e-05
Dy,66,168,167.937134422,0.000150318
Dy,66,169,168.940314681,0.000322788
Ho,67,140,139.968599,0.00054
Ho,67,141,140.963218,0.00054
Ho,67,142,141.96001,0.00054
Ho,67,143,142.95489,0.00043
Ho,67,144,143.952109716,9.1e-06
Ho,67,145,144.947267396,8e-06
Ho,67,146,145.944993507,7.071e-06
Ho,67,147,146.940142296,5.368e-06
Ho,67,148,147.937743929,9e-05
Ho,67,149,148.933800328,1.5468e-05
Ho,67,150,149.933497988,1.5219e-05
Ho,67,151,150.931697936,8.965e-06
Ho,67,152,151.931713918,1.36e-05
Ho,67,153,152.930205873,5.817e-06
Ho,67,154,153.930606989,8.91e-06
Ho,67,155,154.929103491,1.9205e-05
Ho,67,156,155.929712529,6.4772e-05
Ho,67,157,156.928253052,2.5211e-05
Ho,67,158,157.928948675,2.9162e-05
Ho,67,159,158.927719848,3.64e-06
Ho,67,160,159.928736945,1.6233e-05
Ho,67,161,160.927862165,3.042e-06
Ho,67,162,161.929102892,3.874e-06
Ho,67,163,162.928741367,2.05e-06
Ho,67,164,163.930240893,2.482e-06
Ho,67,165,164.930329456,2.155e-06
Ho,67,166,165.932291549,2.156e-06
Ho,67,167,166.9331397,5.962e-06
Ho,67,168,167.93552323,3.2283e-05
Ho,67,169,168.936879339,2.1627e-05
Ho,67,170,169.939625995,5.3739e-05
Ho,67,171,170.941472174,0.000644131
Ho,67,172,171.94473,0.00021
Er,68,144,143.96057,0.00043
Er,68,145,144.95768,0.00043
Er,68,146,145.95241836,7.197e-06
Er,68,147,146.949964459,4.1e-05
Er,68,148,147.944735026,1.1e-05
Er,68,149,148.942306,3e-05
Er,68,150,149.937915241,1.8463e-05
Er,68,151,150.937448903,1.7681e-05
Er,68,152,151.93505003,9.26e-06
Er,68,153,152.93507673,9.818e-06
Er,68,154,153.932789634,5.676e-06
Er,68,155,154.93321563,6.851e-06
Er,68,156,155.931064698,2.6224e-05
Er,68,157,156.931922769,2.8454e-05
Er,68,158,157.929893474,2.7074e-05
Er,68,159,158.930691956,4.226e-06
Er,68,160,159.929083383,2.6741e-05
Er,68,161,160.930005712,9.61e-06
Er,68,162,161.928788667,2.069e-06
Er,68,163,162.930041059,5.328e-06
Er,68,164,163.929208796,2.767e-06
Er,68,165,164.930734467,2.792e-06
Er,68,166,165.930300578,2.224e-06
Er,68,167,166.932055676,2.225e-06
Er,68,168,167.932377746,2.226e-06
Er,68,169,168.934597907,2.233e-06
Er,68,170,169.935471379,2.596e-06
Er,68,171,170.938036833,2.608e-06
Er,68,172,171.939363019,4.753e-06
Er,68,173,172.9424,0.00021
Er,68,174,173.94423,0.00032
Er,68,175,174.94777,0.00043
Tm,69,145,144.970259,0.00043
Tm,69,146,145.966467,0.00043
Tm,69,147,146.961379891,7.341e-06
Tm,69,148,147.958384026,1.1e-05
Tm,69,149,148.95289,0.00032
Tm,69,150,149.95009,0.00021
Tm,69,151,150.945487432,2.1164e-05
Tm,69,152,151.944422,7.9e-05
Tm,69,153,152.942037786,1.5497e-05
Tm,69,154,153.941569613,1.5481e-05
Tm,69,155,154.939209251,1.0699e-05
Tm,69,156,155.938980136,1.5674e-05
Tm,69,157,156.936973,3e-05
Tm,69,158,157.936979525,2.7074e-05
Tm,69,159,158.934975,3e-05
Tm,69,160,159.935262801,3.6794e-05
Tm,69,161,160.933549,3e-05
Tm,69,162,161.934005084,2.8039e-05
Tm,69,163,162.932659434,6.226e-06
Tm,69,164,163.933543615,2.6195e-05
Tm,69,165,164.932443177,3.129e-06
Tm,69,166,165.933561647,1.2594e-05
Tm,69,167,166.932857395,2.508e-06
Tm,69,168,167.934178566,2.778e-06
Tm,69,169,168.934219046,2.262e-06
Tm,69,170,169.935807191,2.263e-06
Tm,69,171,170.936435106,2.439e-06
Tm,69,172,171.938406698,6.255e-06
Tm,69,173,172.939609628,5.325e-06
Tm,69,174,173.942174211,4.8061e-05
Tm,69,175,174.943842458,5.3722e-05
Tm,69,176,175.947000707,0.000107382
Tm,69,177,176.94904,0.00032
Yb,70,149,148.96436,0.00054
Yb,70,150,149.95852,0.00043
Yb,70,151,150.955402171,0.000322592
Yb,70,152,151.950288919,0.000223751
Yb,70,153,152.94948,0.00021
Yb,70,154,153.946395329,1.8556e-05
Yb,70,155,154.94578233,1.7847e-05
Yb,70,156,155.942817069,9.694e-06
Yb,70,157,156.94264039,1.1151e-05
Yb,70,158,157.939872274,8.602e-06
Yb,70,159,158.940056978,1.914e-05
Yb,70,160,159.93755926,1.7089e-05
Yb,70,161,160.937908632,1.6515e-05
Yb,70,162,161.935775202,1.6515e-05
Yb,70,163,162.936341334,1.6515e-05
Yb,70,164,163.934496483,1.6515e-05
Yb,70,165,164.935279,3e-05
Yb,70,166,165.933875802,7.842e-06
Yb,70,167,166.934955101,4.973e-06
Yb,70,168,167.933890656,2.243e-06
Yb,70,169,168.935183566,2.249e-06
Yb,70,170,169.934767589,2.256e-06
Yb,70,171,170.936331451,2.215e-06
Yb,70,172,171.936387116,2.213e-06
Yb,70,173,172.938216394,2.208e-06
Yb,70,174,173.938867695,2.208e-06
Yb,70,175,174.941282055,2.209e-06
Yb,70,176,175.942577704,2.458e-06
Yb,70,177,176.945266844,2.47e-06
Yb,70,178,177.946652702,1.1013e-05
Yb,70,179,178.95017,0.00032
Yb,70,180,179.95233,0.00043
Lu,71,150,149.973548,0.00054
Lu,71,151,150.967677,0.00043
Lu,71,152,151.96412,0.00021
Lu,71,153,152.958767331,0.000224004
Lu,71,154,153.957524,0.000217
Lu,71,155,154.954320157,2.0984e-05
Lu,71,156,155.953032522,7.9074e-05
Lu,71,157,156.95012437,1.5626e-05
Lu,71,158,157.949315087,1.6245e-05
Lu,71,159,158.946628776,4.0433e-05
Lu,71,160,159.946033,6.1e-05
Lu,71,161,160.943572,3e-05
Lu,71,162,161.943277288,8.0554e-05
Lu,71,163,162.941179,3e-05
Lu,71,164,163.941339,3e-05
Lu,71,165,164.939406724,2.8491e-05
Lu,71,166,165.939859,3.2e-05
Lu,71,167,166.93827,3.4e-05
Lu,71,168,167.938732872,5.0232e-05
Lu,71,169,168.937645203,3.928e-06
Lu,71,170,169.938480719,1.8222e-05
Lu,71,171,170.937918356,2.727e-06
Lu,71,172,171.939090599,3.009e-06
Lu,71,173,172.938935527,2.364e-06
Lu,71,174,173.940342365,2.352e-06
Lu,71,175,174.940776703,2.092e-06
Lu,71,176,175.942691191,2.09e-06
Lu,71,177,176.943763036,2.093e-06
Lu,71,178,177.945959528,2.916e-06
Lu,71,179,178.947332436,5.764e-06
Lu,71,180,179.949886081,7.5944e-05
Lu,71,181,180.95197,0.00032
Lu,71,182,181.95504,0.00021
Lu,71,183,182.95757,0.00032
Lu,71,184,183.96091,0.00043
Hf,72,153,152.97069,0.00054
Hf,72,154,153.96486,0.00054
Hf,72,155,154.96339,0.00043
Hf,72,156,155.959364023,0.000223788
Hf,72,157,156.958396,0.00021
Hf,72,158,157.954800765,1.8784e-05
Hf,72,159,158.953994867,1.8076e-05
Hf,72,160,159.950682981,9.983e-06
Hf,72,161,160.950277371,2.4198e-05
Hf,72,162,161.947217153,1.013e-05
Hf,72,163,162.947089,3e-05
Hf,72,164,163.944359597,2.0806e-05
Hf,72,165,164.944567,3e-05
Hf,72,166,165.94218,3e-05
Hf,72,167,166.9426,3e-05
Hf,72,168,167.940568,3e-05
Hf,72,169,168.941259,3e-05
Hf,72,170,169.939609,3e-05
Hf,72,171,170.940492,3.1e-05
Hf,72,172,171.939448301,2.6224e-05
Hf,72,173,172.940513,3e-05
Hf,72,174,173.940047322,2.846e-06
Hf,72,175,174.941510348,2.866e-06
Hf,72,176,175.94140922,2.238e-06
Hf,72,177,176.943225563,2.254e-06
Hf,72,178,177.943703675,2.254e-06
Hf,72,179,178.945821053,2.254e-06
Hf,72,180,179.946554873,2.26e-06
Hf,72,181,180.94910617,2.261e-06
Hf,72,182,181.950559017,6.826e-06
Hf,72,183,182.953530098,3.2268e-05
Hf,72,184,183.955446257,4.2628e-05
Hf,72,185,184.95882,0.00021
Hf,72,186,185.96089,0.00032
Hf,72,187,186.96477,0.00043
Hf,72,188,187.96685,0.00054
Ta,73,155,154.974245,0.00054
Ta,73,156,155.972303,0.00043
Ta,73,157,156.968192443,0.000224031
Ta,73,158,157.966701,0.000217
Ta,73,159,158.963022113,2.1453e-05
Ta,73,160,159.96148751,7.9228e-05
Ta,73,161,160.958446735,2.6948e-05
Ta,73,162,161.957293663,5.6081e-05
Ta,73,163,162.95433027,4.086e-05
Ta,73,164,163.953534,3e-05
Ta,73,165,164.950774076,1.6899e-05
Ta,73,166,165.950512,3e-05
Ta,73,167,166.948093,3e-05
Ta,73,168,167.948047,3e-05
Ta,73,169,168.946011,3e-05
Ta,73,170,169.946175,3e-05
Ta,73,171,170.944476,3e-05
Ta,73,172,171.944895,3e-05
Ta,73,173,172.94375,3e-05
Ta,73,174,173.944454,3e-05
Ta,73,175,174.943737,3e-05
Ta,73,176,175.944857,3.3e-05
Ta,73,177,176.944477315,3.931e-06
Ta,73,178,177.94578313,1.626e-05
Ta,73,179,178.945934408,2.286e-06
Ta,73,180,179.947464484,2.456e-06
Ta,73,181,180.947995421,1.992e-06
Ta,73,182,181.950151506,1.993e-06
Ta,73,183,182.951372274,2.004e-06
Ta,73,184,183.954007708,2.7928e-05
Ta,73,185,184.955559101,1.5214e-05
Ta,73,186,185.958550521,6.4433e-05
Ta,73,187,186.96053,0.00021
Ta,73,188,187.96386,0.00021
Ta,73,189,188.96583,0.00032
W,74,158,157.974562,0.00054
W,74,159,158.972918,0.00043
W,74,160,159.968478802,0.000223843
W,74,161,160.967357,0.00021
W,74,162,161.963498815,1.9009e-05
W,74,163,162.96252354,5.6639e-05
W,74,164,163.95895292,1.0201e-05
W,74,165,164.95828055,2.6813e-05
W,74,166,165.955033907,1.1002e-05
W,74,167,166.954815828,2.068e-05
W,74,168,167.951800705,1.6086e-05
W,74,169,168.951778676,1.6571e-05
W,74,170,169.949227995,1.6167e-05
W,74,171,170.949451,3e-05
W,74,172,171.947292,3e-05
W,74,173,172.947689,3e-05
W,74,174,173.946079,3e-05
W,74,175,174.946717,3e-05
W,74,176,175.945634,3e-05
W,74,177,176.946643,3e-05
W,74,178,177.945881145,1.6401e-05
W,74,179,178.947078931,1.6305e-05
W,74,180,179.946712943,2.557e-06
W,74,181,180.948197758,5.083e-06
W,74,182,181.948204081,9.09e-07
W,74,183,182.950222859,9.04e-07
W,74,184,183.95093093,9.42e-07
W,74,185,184.953418991,9.93e-07
W,74,186,185.954362626,1.656e-06
W,74,187,186.957158956,1.657e-06
W,74,188,187.958486139,3.603e-06
W,74,189,188.961909594,0.000214894
W,74,190,189.963178103,0.000176972
W,74,191,190.9666,0.00021
W,74,192,191.96817,0.00064
Re,75,159,158.984157,0.000543
Re,75,160,159.982115,0.00043
Re,75,161,160.977589116,0.000223915
Re,75,162,161.976004,0.000217
Re,75,163,162.972079593,2.0159e-05
Re,75,164,163.97045287,7.9417e-05
Re,75,165,164.967097131,2.6474e-05
Re,75,166,165.965760401,7.763e-05
Re,75,167,166.962601,5.6e-05
Re,75,168,167.961572608,3.3087e-05
Re,75,169,168.958765535,1.2258e-05
Re,75,170,169.958220071,2.7692e-05
Re,75,171,170.955716,3e-05
Re,75,172,171.955422961,5.7948e-05
Re,75,173,172.953243,3e-05
Re,75,174,173.953115,3e-05
Re,75,175,174.951381,3e-05
Re,75,176,175.951623,3e-05
Re,75,177,176.950328,3e-05
Re,75,178,177.950989,3e-05
Re,75,179,178.949989056,2.6224e-05
Re,75,180,179.950791568,2.2965e-05
Re,75,181,180.950055,1.3508e-05
Re,75,182,181.951210004,0.000109484
Re,75,183,182.95081975,8.635e-06
Re,75,184,183.952522825,4.688e-06
Re,75,185,184.95295453,1.326e-06
Re,75,186,185.954985639,1.336e-06
Re,75,187,186.955750143,1.61e-06
Re,75,188,187.958111472,1.615e-06
Re,75,189,188.959225733,8.929e-06
Re,75,190,189.961814702,0.000160225
Re,75,191,190.963121622,1.1127e-05
Re,75,192,191.96589,0.00021
Re,75,193,192.96756,0.00021
Re,75,194,193.97057,0.00032
Os,76,162,161.984431,0.00054
Os,76,163,162.98269,0.000433
Os,76,164,163.978035645,0.000223931
Os,76,165,164.976762,0.000217
Os,76,166,165.972692149,1.9574e-05
Os,76,167,166.971547966,7.8033e-05
Os,76,168,167.967802088,1.0629e-05
Os,76,169,168.967019871,2.705e-05
Os,76,170,169.963583681,1.1549e-05
Os,76,171,170.963184632,2.0123e-05
Os,76,172,171.960015614,1.4083e-05
Os,76,173,172.959808289,1.6059e-05
Os,76,174,173.957061713,1.1859e-05
Os,76,175,174.956939019,1.3828e-05
Os,76,176,175.954806,3e-05
Os,76,177,176.954965325,1.6873e-05
Os,76,178,177.95325042,1.7644e-05
Os,76,179,178.953815744,1.9405e-05
Os,76,180,179.952382381,2.1423e-05
Os,76,181,180.953244,3.4e-05
Os,76,182,181.952110187,2.3344e-05
Os,76,183,182.953126102,5.3459e-05
Os,76,184,183.95248858,1.441e-06
Os,76,185,184.954041785,1.41e-06
Os,76,186,185.953835108,1.597e-06
Os,76,187,186.955747492,1.61e-06
Os,76,188,187.955835244,1.617e-06
Os,76,189,188.958144233,1.694e-06
Os,76,190,189.958443774,1.705e-06
Os,76,191,190.960926433,1.709e-06
Os,76,192,191.96147707,2.926e-06
Os,76,193,192.964147941,2.931e-06
Os,76,194,193.965177311,2.988e-06
Os,76,195,194.96812189,0.000536776
Os,76,196,195.969641502,4.3004e-05
Ir,77,164,163.992201,0.000443
Ir,77,165,164.98752,0.00023
Ir,77,166,165.985824,0.000217
Ir,77,167,166.981666047,1.996e-05
Ir,77,168,167.979906642,7.9942e-05
Ir,77,169,168.976292958,2.618e-05
Ir,77,170,169.974922,9.5e-05
Ir,77,171,170.971626038,4.2425e-05
Ir,77,172,171.970607036,3.4785e-05
Ir,77,173,172.967503298,1.2407e-05
Ir,77,174,173.966861045,2.97e-05
Ir,77,175,174.964158206,1.4158e-05
Ir,77,176,175.963648688,2.1836e-05
Ir,77,177,176.9613015,2.1213e-05
Ir,77,178,177.961082,2.1213e-05
Ir,77,179,178.959122303,1.17e-05
Ir,77,180,179.959229446,2.3302e-05
Ir,77,181,180.957625297,2.7512e-05
Ir,77,182,181.958076296,2.2509e-05
Ir,77,183,182.956846458,2.6962e-05
Ir,77,184,183.957476,3e-05
Ir,77,185,184.956698,3e-05
Ir,77,186,185.957946104,1.774e-05
Ir,77,187,186.957560074,6.639e-06
Ir,77,188,187.958828151,1.0264e-05
Ir,77,189,188.958715097,1.3716e-05
Ir,77,190,189.960541285,2.107e-06
Ir,77,191,190.960589364,2.063e-06
Ir,77,192,191.962600318,2.066e-06
Ir,77,193,192.962921658,2.074e-06
Ir,77,194,193.965073607,2.078e-06
Ir,77,195,194.965974802,2.079e-06
Ir,77,196,195.96839717,4.1247e-05
Ir,77,197,196.969655454,2.1596e-05
Ir,77,198,197.97228,0.00021
Pt,78,166,165.994855,0.00054
Pt,78,167,166.992975,0.000437
Pt,78,168,167.988142598,0.000223956
Pt,78,169,168.986727,0.000217
Pt,78,170,169.982496453,1.9925e-05
Pt,78,171,170.981244446,7.8103e-05
Pt,78,172,171.977345279,1.1442e-05
Pt,78,173,172.976445354,6.0108e-05
Pt,78,174,173.972824755,1.2116e-05
Pt,78,175,174.972420362,2.0274e-05
Pt,78,176,175.968936931,1.3895e-05
Pt,78,177,176.968469358,1.609e-05
Pt,78,178,177.965647923,1.1619e-05
Pt,78,179,178.965356588,8.716e-06
Pt,78,180,179.963030993,1.1785e-05
Pt,78,181,180.963097285,1.5956e-05
Pt,78,182,181.961169834,1.6769e-05
Pt,78,183,182.961596428,1.6739e-05
Pt,78,184,183.959921877,1.9459e-05
Pt,78,185,184.960619,4.4e-05
Pt,78,186,185.959350812,2.3344e-05
Pt,78,187,186.960587,3e-05
Pt,78,188,187.95938894,6.056e-06
Pt,78,189,188.960831347,1.2057e-05
Pt,78,190,189.959929771,6.263e-06
Pt,78,191,190.961672989,5.325e-06
Pt,78,192,191.961038815,3.225e-06
Pt,78,193,192.962982451,2.095e-06
Pt,78,194,193.962680911,1.004e-06
Pt,78,195,194.964791779,9.96e-07
Pt,78,196,195.964952149,9.86e-07
Pt,78,197,196.96734074,9.44e-07
Pt,78,198,197.967894959,2.324e-06
Pt,78,199,198.970595263,2.385e-06
Pt,78,200,199.971442846,2.1596e-05
Pt,78,201,200.974512975,5.3787e-05
Pt,78,202,201.97574,0.00021
Au,79,170,169.996132,0.000217
Au,79,171,170.9918759,2.2534e-05
Au,79,172,171.989942284,8.0694e-05
Au,79,173,172.986235395,2.5643e-05
Au,79,174,173.984717,9.5e-05
Au,79,175,174.981274102,4.5513e-05
Au,79,176,175.980250432,3.5604e-05
Au,79,177,176.97686866,1.1672e-05
Au,79,178,177.97603192,6.1346e-05
Au,79,179,178.973182559,1.3526e-05
Au,79,180,179.972521124,2.2554e-05
Au,79,181,180.970079047,2.1445e-05
Au,79,182,181.969617874,2.1749e-05
Au,79,183,182.96759307,1.1263e-05
Au,79,184,183.967451524,2.3912e-05
Au,79,185,184.96578941,2.7942e-05
Au,79,186,185.965952703,2.2509e-05
Au,79,187,186.964567541,2.6962e-05
Au,79,188,187.965323661,2.1886e-05
Au,79,189,188.963948286,2.1558e-05
Au,79,190,189.964698454,1.7278e-05
Au,79,191,190.963702066,3.9779e-05
Au,79,192,191.964813763,1.7073e-05
Au,79,193,192.964137268,9.32e-06
Au,79,194,193.965365701,1.0956e-05
Au,79,195,194.965035284,1.464e-06
Au,79,196,195.966569951,3.204e-06
Au,79,197,196.966568812,7.07e-07
Au,79,198,197.968242446,7e-07
Au,79,199,198.968765348,7.06e-07
Au,79,200,199.97072632,5.3407e-05
Au,79,201,200.971657347,3.442e-06
Au,79,202,201.973806088,0.000178649
Au,79,203,202.975154406,3.308e-06
Au,79,204,203.977724,0.000215
Au,79,205,204.9797,0.00032
Hg,80,171,171.003809,0.000437
Hg,80,172,171.9988229,0.000224054
Hg,80,173,172.997248,0.000217
Hg,80,174,173.992864857,2.0944e-05
Hg,80,175,174.991439945,7.8263e-05
Hg,80,176,175.987355261,1.2848e-05
Hg,80,177,176.986279615,8.0586e-05
Hg,80,178,177.982488996,1.2529e-05
Hg,80,179,178.981833582,2.9316e-05
Hg,80,180,179.978259243,1.3658e-05
Hg,80,181,180.977819179,1.6513e-05
Hg,80,182,181.974689162,1.0429e-05
Hg,80,183,182.974443024,7.628e-06
Hg,80,184,183.971712566,1.0805e-05
Hg,80,185,184.971899086,1.6678e-05
Hg,80,186,185.969360967,1.2074e-05
Hg,80,187,186.969813794,1.4947e-05
Hg,80,188,187.967576474,1.2379e-05
Hg,80,189,188.96818972,3.5869e-05
Hg,80,190,189.966321482,1.7088e-05
Hg,80,191,190.967156336,2.4252e-05
Hg,80,192,191.965633494,1.6694e-05
Hg,80,193,192.966652336,1.6649e-05
Hg,80,194,193.965439194,1.3457e-05
Hg,80,195,194.9667196,2.4847e-05
Hg,80,196,195.965832615,3.172e-06
Hg,80,197,196.9672129,3.45e-06
Hg,80,198,197.966768629,5.15e-07
Hg,80,199,198.96828063,4.6e-07
Hg,80,200,199.968326678,4.7e-07
Hg,80,201,200.970302548,6.95e-07
Hg,80,202,201.970643262,6.94e-07
Hg,80,203,202.972871681,1.817e-06
Hg,80,204,203.973493939,5.27e-07
Hg,80,205,204.976072867,3.93e-06
Hg,80,206,205.977513126,2.1949e-05
Hg,80,207,206.982588149,0.000161139
Hg,80,208,207.985759,3.3e-05
Hg,80,209,208.99083,0.00016
Hg,80,210,209.99424,0.00021
Tl,81,176,176.000623225,8.0613e-05
Tl,81,177,176.996425299,2.4463e-05
Tl,81,178,177.994853,0.000109
Tl,81,179,178.991089075,4.6355e-05
Tl,81,180,179.990056524,6.4411e-05
Tl,81,181,180.986259452,9.829e-06
Tl,81,182,181.985667104,8.1514e-05
Tl,81,183,182.98219056,1.01e-05
Tl,81,184,183.981873122,5.2944e-05
Tl,81,185,184.978791304,5.7842e-05
Tl,81,186,185.97866383,2.8e-05
Tl,81,187,186.975905934,8.702e-06
Tl,81,188,187.976009782,3.5007e-05
Tl,81,189,188.973588458,1.1692e-05
Tl,81,190,189.973901033,1.4802e-05
Tl,81,192,191.972225,3.4e-05
Tl,81,193,192.970692228,8.4497e-05
Tl,81,194,193.9712,0.000145
Tl,81,195,194.969773881,1.4679e-05
Tl,81,196,195.970481179,1.3e-05
Tl,81,197,196.969574551,1.7556e-05
Tl,81,198,197.970483092,8.5885e-05
Tl,81,199,198.969877,3e-05
Tl,81,200,199.970963346,6.174e-06
Tl,81,201,200.970818,1.6161e-05
Tl,81,202,201.972103411,1.5295e-05
Tl,81,203,202.97234333,1.368e-06
Tl,81,204,203.973862624,1.346e-06
Tl,81,205,204.97442652,1.431e-06
Tl,81,206,205.976109308,1.477e-06
Tl,81,207,206.977419033,5.899e-06
Tl,81,208,207.982015599,2.134e-06
Tl,81,209,208.985359151,8.476e-06
Tl,81,210,209.990072896,1.2491e-05
Tl,81,211,210.993616,0.000215
Tl,81,212,211.998442,0.000322
Pb,82,178,178.003831351,2.5982e-05
Pb,82,180,179.997922683,1.413e-05
Pb,82,181,180.996668212,8.2179e-05
Pb,82,182,181.992677693,1.3855e-05
Pb,82,183,182.991874351,3.0263e-05
Pb,82,184,183.988134622,1.3823e-05
Pb,82,185,184.987609812,1.7364e-05
Pb,82,186,185.984238141,1.2129e-05
Pb,82,187,186.983907313,6.163e-06
Pb,82,188,187.980873853,1.1407e-05
Pb,82,189,188.980807,3.7e-05
Pb,82,190,189.978080693,1.3032e-05
Pb,82,191,190.978265,4.2e-05
Pb,82,192,191.975784595,1.3539e-05
Pb,82,193,192.976173234,5.3222e-05
Pb,82,194,193.974010908,1.8746e-05
Pb,82,195,194.97454205,2.5085e-05
Pb,82,196,195.972773264,1.5329e-05
Pb,82,197,196.973431152,6.001e-06
Pb,82,198,197.972033108,1.565e-05
Pb,82,199,198.972912663,1.073e-05
Pb,82,200,199.971813321,1.1742e-05
Pb,82,201,200.972884512,2.3998e-05
Pb,82,202,201.972155228,3.395e-06
Pb,82,203,202.973389849,7.055e-06
Pb,82,204,203.9730427,1.337e-06
Pb,82,205,204.974480874,1.334e-06
Pb,82,206,205.9744644,1.333e-06
Pb,82,207,206.975896007,1.336e-06
Pb,82,208,207.976651189,1.337e-06
Pb,82,209,208.981089197,1.948e-06
Pb,82,210,209.984187586,1.641e-06
Pb,82,211,210.988737232,2.836e-06
Pb,82,212,211.991891449,2.365e-06
Pb,82,213,212.996563786,7.178e-06
Pb,82,214,213.999804941,2.521e-06
Pb,82,215,215.00487,0.000304
Bi,83,184,184.001274755,8.3845e-05
Bi,83,185,184.997513,0.000108
Bi,83,186,185.996597625,8.2526e-05
Bi,83,187,186.99314518,1.1022e-05
Bi,83,188,187.992269118,5.3098e-05
Bi,83,189,188.989196291,5.7915e-05
Bi,83,190,189.98863455,2.8256e-05
Bi,83,191,190.985786154,7.976e-06
Bi,83,192,191.985457954,3.5416e-05
Bi,83,193,192.9829598,1.0327e-05
Bi,83,194,193.982857844,1.5745e-05
Bi,83,195,194.980648629,5.679e-06
Bi,83,196,195.980666509,2.6224e-05
Bi,83,197,196.97886523,8.946e-06
Bi,83,198,197.979206,3e-05
Bi,83,199,198.977671506,1.2564e-05
Bi,83,200,199.978130694,2.6288e-05
Bi,83,201,200.977009077,1.6332e-05
Bi,83,202,201.97773226,1.6161e-05
Bi,83,203,202.976892538,1.3721e-05
Bi,83,204,203.977835958,9.856e-06
Bi,83,205,204.977386033,5.493e-06
Bi,83,206,205.978498251,8.354e-06
Bi,83,207,206.978469746,2.627e-06
Bi,83,208,207.979741254,2.529e-06
Bi,83,209,208.980397792,1.557e-06
Bi,83,210,209.98411943,1.555e-06
Bi,83,211,210.987269065,5.902e-06
Bi,83,212,211.991282623,2.134e-06
Bi,83,213,212.994384864,5.363e-06
Bi,83,214,213.998710744,1.2053e-05
Bi,83,215,215.001769805,1.6e-05
Bi,83,216,216.006305972,1.2e-05
Bi,83,217,217.00954,0.00021
Bi,83,218,218.014146,0.000385
Po,84,187,187.003043307,3.4281e-05
Po,84,188,187.999415942,1.9752e-05
Po,84,189,188.998475975,2.0764e-05
Po,84,190,189.99510038,1.4396e-05
Po,84,191,190.994572941,1.2679e-05
Po,84,192,191.991334963,1.193e-05
Po,84,193,192.991025678,3.7208e-05
Po,84,194,193.988184795,1.3471e-05
Po,84,195,194.988114532,4.2107e-05
Po,84,196,195.985535488,1.3784e-05
Po,84,197,196.985659522,5.3332e-05
Po,84,198,197.983388008,1.8721e-05
Po,84,199,198.983666243,2.5167e-05
Po,84,200,199.98179782,1.5458e-05
Po,84,201,200.982259792,6.278e-06
Po,84,202,201.980756688,1.5756e-05
Po,84,203,202.981416116,9.291e-06
Po,84,204,203.980304767,1.1834e-05
Po,84,205,204.981203322,2.1355e-05
Po,84,206,205.980477194,3.669e-06
Po,84,207,206.981592485,7.168e-06
Po,84,208,207.981244812,1.936e-06
Po,84,209,208.982429554,1.978e-06
Po,84,210,209.982872793,1.335e-06
Po,84,211,210.986652272,1.444e-06
Po,84,212,211.988867077,1.342e-06
Po,84,213,212.992856428,3.32e-06
Po,84,214,213.995200408,1.643e-06
Po,84,215,214.999420261,2.713e-06
Po,84,216,216.001908784,2.359e-06
Po,84,217,217.006319051,6.719e-06
Po,84,218,218.008972569,2.519e-06
Po,84,219,219.013517,0.000215
Po,84,220,220.016382,0.000215
At,85,191,191.004145629,1.7334e-05
At,85,192,192.003133883,5.9756e-05
At,85,193,192.999929672,5.8244e-05
At,85,194,193.999249128,3.2522e-05
At,85,195,194.996268131,9.721e-06
At,85,196,195.995788077,6.4308e-05
At,85,197,196.993189174,5.4661e-05
At,85,198,197.992860362,1.5906e-05
At,85,199,198.990528937,6.042e-06
At,85,200,199.990351015,2.6264e-05
At,85,201,200.988417277,8.786e-06
At,85,202,201.988630302,3.0034e-05
At,85,203,202.986941527,1.2532e-05
At,85,204,203.98725019,2.6237e-05
At,85,205,204.986074522,1.6228e-05
At,85,206,205.986657035,1.6109e-05
At,85,207,206.985800091,1.3322e-05
At,85,208,207.986613198,9.578e-06
At,85,209,208.986169605,5.483e-06
At,85,210,209.987146832,8.42e-06
At,85,211,210.987495338,2.976e-06
At,85,212,211.990736411,2.613e-06
At,85,213,212.992935702,5.284e-06
At,85,214,213.99637079,4.644e-06
At,85,215,214.998652173,7.347e-06
At,85,216,216.002420152,3.914e-06
At,85,217,217.004719035,5.27e-06
At,85,218,218.008693541,1.2475e-05
At,85,219,219.011161973,4.154e-06
At,85,220,220.015407711,5.5002e-05
At,85,221,221.01805,0.00021
At,85,222,222.02216,0.00032
At,85,223,223.02509,0.00043
Rn,86,193,193.009710524,2.4436e-05
Rn,86,194,194.0061442,1.8094e-05
Rn,86,195,195.005436151,5.5154e-05
Rn,86,196,196.002115036,1.5479e-05
Rn,86,197,197.001584754,6.5312e-05
Rn,86,198,197.998677851,1.4032e-05
Rn,86,199,198.998378856,6.8222e-05
Rn,86,200,199.995700017,1.3974e-05
Rn,86,201,200.99562801,5.3389e-05
Rn,86,202,201.993263153,1.8824e-05
Rn,86,203,202.993386869,2.5266e-05
Rn,86,204,203.991428953,1.5582e-05
Rn,86,205,204.991718826,5.4043e-05
Rn,86,206,205.99021325,1.5855e-05
Rn,86,207,206.990730237,9.121e-06
Rn,86,208,207.989629115,1.1968e-05
Rn,86,209,208.990414741,2.1458e-05
Rn,86,210,209.989692309,4.342e-06
Rn,86,211,210.990599833,7.333e-06
Rn,86,212,211.990702638,3.416e-06
Rn,86,213,212.993881786,6.095e-06
Rn,86,214,213.995361673,9.876e-06
Rn,86,215,214.9987446,8.252e-06
Rn,86,216,216.000273476,7.85e-06
Rn,86,217,217.003926822,4.538e-06
Rn,86,218,218.005600324,2.547e-06
Rn,86,219,219.009480477,2.695e-06
Rn,86,220,220.011387723,2.358e-06
Rn,86,221,221.015537967,6.321e-06
Rn,86,222,222.017577269,2.498e-06
Rn,86,223,223.021895915,1.1e-05
Rn,86,224,224.024085082,1.6e-05
Rn,86,225,225.028508696,2.3e-05
Rn,86,226,226.030852862,1.7e-05
Rn,86,227,227.035292476,1.9e-05
Rn,86,228,228.037841642,2.4e-05
Fr,87,199,199.007258179,4.4889e-05
Fr,87,200,200.006574461,8.3766e-05
Fr,87,201,201.00386658,7.661e-05
Fr,87,202,202.003395565,1.6559e-05
Fr,87,203,203.000941947,6.895e-06
Fr,87,204,204.000652059,2.6398e-05
Fr,87,205,204.998593989,8.399e-06
Fr,87,206,205.998666132,3.0268e-05
Fr,87,207,206.996948656,5.4422e-05
Fr,87,208,207.997133003,5.6233e-05
Fr,87,209,208.995953593,1.576e-05
Fr,87,210,209.99642246,1.6223e-05
Fr,87,211,210.995555481,1.2877e-05
Fr,87,212,211.996225548,9.421e-06
Fr,87,213,212.99618545,5.47e-06
Fr,87,214,213.998970267,9.411e-06
Fr,87,215,215.000340562,7.603e-06
Fr,87,216,216.003188589,4.511e-06
Fr,87,217,217.004631006,7.03e-06
Fr,87,218,218.007577377,5.133e-06
Fr,87,219,219.009251751,7.603e-06
Fr,87,220,220.012324299,4.393e-06
Fr,87,221,221.014254995,5.14e-06
Fr,87,222,222.017551223,2.278e-05
Fr,87,223,223.019736138,2.55e-06
Fr,87,224,224.023243678,5.3728e-05
Fr,87,225,225.025566599,3.2362e-05
Fr,87,226,226.029385761,0.000107383
Fr,87,227,227.031835468,0.000107383
Fr,87,228,228.035734,0.000215
Fr,87,229,229.038450256,4e-05
Fr,87,230,230.042404423,3.2e-05
Fr,87,231,231.045398,0.000369
Fr,87,232,232.049492,0.000227
Ra,88,201,201.012712,0.000126
Ra,88,202,202.009758438,2.6014e-05
Ra,88,203,203.009293274,8.6807e-05
Ra,88,204,204.006501453,1.5761e-05
Ra,88,205,205.006268245,7.5707e-05
Ra,88,206,206.00382693,1.9347e-05
Ra,88,207,207.003798287,5.9326e-05
Ra,88,208,208.001840152,1.6515e-05
Ra,88,209,209.0019914,5.4178e-05
Ra,88,210,210.000493199,1.6239e-05
Ra,88,211,211.000893197,8.5e-06
Ra,88,212,211.999781143,1.2102e-05
Ra,88,213,213.000384489,2.1598e-05
Ra,88,214,214.00010293,5.165e-06
Ra,88,215,215.002719143,8.189e-06
Ra,88,216,216.003532142,9.394e-06
Ra,88,217,217.006319443,9.156e-06
Ra,88,218,218.007139347,1.2008e-05
Ra,88,219,219.010084193,8.881e-06
Ra,88,220,220.011027489,9.92e-06
Ra,88,221,221.013916484,4.998e-06
Ra,88,222,222.015373673,4.903e-06
Ra,88,223,223.018502444,2.686e-06
Ra,88,224,224.020205547,2.358e-06
Ra,88,225,225.023612748,3.177e-06
Ra,88,226,226.025409353,2.484e-06
Ra,88,227,227.029177373,2.501e-06
Ra,88,228,228.031074994,2.818e-06
Ra,88,229,229.034949372,1.6115e-05
Ra,88,230,230.03705476,1.1053e-05
Ra,88,231,231.041037037,2.1e-05
Ra,88,232,232.043476203,1.3e-05
Ra,88,233,233.047866,0.000441
Ra,88,234,234.050619,0.000526
Ac,89,206,206.014527698,5.6173e-05
Ac,89,207,207.011967049,5.4118e-05
Ac,89,208,208.011550405,5.9817e-05
Ac,89,209,209.009494892,5.433e-05
Ac,89,210,210.009436051,6.1623e-05
Ac,89,211,211.007734077,7.6439e-05
Ac,89,212,212.007808043,7.7739e-05
Ac,89,213,213.00660768,5.5943e-05
Ac,89,214,214.00691854,1.6444e-05
Ac,89,215,215.006474269,1.3322e-05
Ac,89,216,216.008743478,1.1607e-05
Ac,89,217,217.009343282,1.2229e-05
Ac,89,218,218.011640574,5.4495e-05
Ac,89,219,219.012419454,5.4213e-05
Ac,89,220,220.014753577,6.6e-06
Ac,89,221,221.015590303,5.4135e-05
Ac,89,222,222.017842905,5.579e-06
Ac,89,223,223.01913707,7.679e-06
Ac,89,224,224.02171976,4.456e-06
Ac,89,225,225.02322984,4.993e-06
Ac,89,226,226.026097369,3.565e-06
Ac,89,227,227.027752408,2.546e-06
Ac,89,228,228.031025813,2.907e-06
Ac,89,229,229.033010706,3.4964e-05
Ac,89,230,230.036292544,0.000322252
Ac,89,231,231.03855815,0.000107371
Ac,89,232,232.042032139,0.00010738
Ac,89,233,233.04453,0.00011
Ac,89,234,234.04836,0.00021
Th,90,209,209.017752973,9.2805e-05
Th,90,210,210.015092519,2.0314e-05
Th,90,211,211.014928596,8.0005e-05
Th,90,212,212.012986626,1.7225e-05
Th,90,213,213.013010167,7.6266e-05
Th,90,214,214.011499189,1.7243e-05
Th,90,215,215.011724757,9.49e-06
Th,90,216,216.011050586,1.2601e-05
Th,90,217,217.013116932,2.2027e-05
Th,90,218,218.013279533,1.1062e-05
Th,90,219,219.015536204,5.4298e-05
Th,90,220,220.015746867,2.3801e-05
Th,90,221,221.018182789,1.0045e-05
Th,90,222,222.018467237,1.3192e-05
Th,90,223,223.020810563,9.903e-06
Th,90,224,224.021466,1.1757e-05
Th,90,225,225.023950167,5.493e-06
Th,90,226,226.024902229,5.049e-06
Th,90,227,227.027704343,2.684e-06
Th,90,228,228.028734823,2.356e-06
Th,90,229,229.031763624,2.998e-06
Th,90,230,230.033133149,1.896e-06
Th,90,231,231.036303708,1.903e-06
Th,90,232,232.038060026,2.384e-06
Th,90,233,233.041586541,2.385e-06
Th,90,234,234.04360245,3.758e-06
Th,90,235,235.047511293,5.3716e-05
Th,90,236,236.04987,0.00021
Th,90,237,237.053894,0.000385
Th,90,238,238.056497,0.000304
Pa,91,212,212.023202993,8.037e-05
Pa,91,213,213.021109369,7.6374e-05
Pa,91,214,214.020918482,8.1723e-05
Pa,91,215,215.019185106,9.3403e-05
Pa,91,216,216.019103784,7.939e-05
Pa,91,217,217.018326371,5.6059e-05
Pa,91,218,218.020058631,1.9638e-05
Pa,91,219,219.019903787,5.5305e-05
Pa,91,220,220.021898705,5.4917e-05
Pa,91,221,221.021874351,5.5052e-05
Pa,91,222,222.023741,7.8e-05
Pa,91,223,223.023961338,7.629e-05
Pa,91,224,224.025616337,8.162e-06
Pa,91,225,225.026129733,7.6235e-05
Pa,91,226,226.027946806,1.2271e-05
Pa,91,227,227.028804675,8.009e-06
Pa,91,228,228.03104827,4.722e-06
Pa,91,229,229.032097077,2.931e-06
Pa,91,230,230.034540035,3.504e-06
Pa,91,231,231.035884277,2.398e-06
Pa,91,232,232.038585276,8.315e-06
Pa,91,233,233.040248815,2.244e-06
Pa,91,234,234.043309277,5.071e-06
Pa,91,235,235.045445066,5.3713e-05
Pa,91,236,236.048682746,0.000214717
Pa,91,237,237.05114711,0.000107373
Pa,91,238,238.054503929,6.4445e-05
Pa,91,239,239.05726,0.00021
U,92,217,217.024382652,9.3262e-05
U,92,218,218.023522502,1.9572e-05
U,92,219,219.025016432,5.4509e-05
U,92,222,222.026081,0.000108
U,92,223,223.027737909,7.6351e-05
U,92,224,224.027603882,2.7176e-05
U,92,225,225.029389831,1.2428e-05
U,92,226,226.029337817,1.3999e-05
U,92,227,227.031155482,1.8104e-05
U,92,228,228.031373109,1.6051e-05
U,92,229,229.033505084,6.396e-06
U,92,230,230.033938943,5.106e-06
U,92,231,231.036293977,3.224e-06
U,92,232,232.037149836,2.356e-06
U,92,233,233.039636574,2.871e-06
U,92,234,234.040953616,1.97e-06
U,92,235,235.043931368,1.962e-06
U,92,236,236.045569468,1.966e-06
U,92,237,237.048731636,2.027e-06
U,92,238,238.050789466,2.047e-06
U,92,239,239.054294518,2.055e-06
U,92,240,240.056593384,5.534e-06
U,92,242,242.062933,0.000215
Np,93,225,225.033910301,7.6889e-05
Np,93,226,226.035145,9.5e-05
Np,93,227,227.034955853,7.784e-05
Np,93,228,228.036065589,5.4294e-05
Np,93,229,229.036262863,9.3237e-05
Np,93,230,230.03782665,5.5062e-05
Np,93,231,231.038244688,5.4271e-05
Np,93,232,232.040102,0.000107
Np,93,233,233.04074083,5.4694e-05
Np,93,234,234.042896565,9.147e-06
Np,93,235,235.044064523,2.136e-06
Np,93,236,236.046563283,5.4145e-05
Np,93,237,237.048174914,1.971e-06
Np,93,238,238.050947876,1.983e-06
Np,93,239,239.052940487,2.234e-06
Np,93,240,240.056163645,1.6253e-05
Np,93,241,241.058253894,7.5936e-05
Np,93,242,242.061642566,0.000214718
Np,93,243,243.06428,3.4e-05
Np,93,244,244.06785,0.00032
Pu,94,228,228.03873121,3.3145e-05
Pu,94,229,229.040142095,5.5097e-05
Pu,94,230,230.039649,1.6206e-05
Pu,94,231,231.041100221,2.8375e-05
Pu,94,232,232.041186199,1.9416e-05
Pu,94,233,233.04299652,5.4057e-05
Pu,94,234,234.043316234,7.476e-06
Pu,94,235,235.045286322,2.2079e-05
Pu,94,236,236.046051647,2.358e-06
Pu,94,237,237.048411069,2.389e-06
Pu,94,238,238.049561412,1.977e-06
Pu,94,239,239.052164844,1.966e-06
Pu,94,240,240.053815008,1.964e-06
Pu,94,241,241.056852919,1.964e-06
Pu,94,242,242.058743997,2e-06
Pu,94,243,243.062004489,3.424e-06
Pu,94,244,244.064205302,5.425e-06
Pu,94,245,245.067825968,1.5477e-05
Pu,94,246,246.070206018,1.6377e-05
Pu,94,247,247.07419,0.00021
Am,95,232,232.04659,0.00032
Am,95,233,233.046347,0.000109
Am,95,234,234.047808,0.000223
Am,95,235,235.047907569,5.6037e-05
Am,95,236,236.049422,0.00012
Am,95,237,237.049996,6.4e-05
Am,95,238,238.051985852,5.4451e-05
Am,95,239,239.053025736,2.621e-06
Am,95,240,240.055301645,1.4931e-05
Am,95,241,241.056830611,1.967e-06
Am,95,242,242.059550625,1.97e-06
Am,95,243,243.061382541,2.465e-06
Am,95,244,244.06428631,2.238e-06
Am,95,245,245.066453577,3.724e-06
Am,95,246,246.069776009,1.9512e-05
Am,95,247,247.072094,0.000107
Cm,96,234,234.050158953,1.9543e-05
Cm,96,237,237.052868097,7.618e-05
Cm,96,238,238.053080266,1.3233e-05
Cm,96,239,239.054910233,5.8041e-05
Cm,96,240,240.055523225,2.442e-06
Cm,96,241,241.057654412,2.318e-06
Cm,96,242,242.05883734,1.979e-06
Cm,96,243,243.061390578,2.24e-06
Cm,96,244,244.062754041,1.964e-06
Cm,96,245,245.065492712,2.238e-06
Cm,96,246,246.067225049,2.216e-06
Cm,96,247,247.070354934,4.686e-06
Cm,96,248,248.072349903,5.428e-06
Cm,96,249,249.075954808,5.434e-06
Cm,96,250,250.078358354,1.2029e-05
Cm,96,251,251.082287245,2.4477e-05
Bk,97,238,238.05828,0.000309
Bk,97,240,240.059753,0.000161
Bk,97,241,241.060231,0.000215
Bk,97,242,242.061983,0.000215
Bk,97,243,243.063008827,5.092e-06
Bk,97,244,244.06518224,1.5536e-05
Bk,97,245,245.066363082,2.479e-06
Bk,97,246,246.068674334,6.445e-05
Bk,97,247,247.070308541,5.907e-06
Bk,97,248,248.073088,7.6e-05
Bk,97,249,249.07498812,2.807e-06
Bk,97,250,250.078317906,4.262e-06
Bk,97,251,251.080762812,1.1753e-05
Bk,97,252,252.084311,0.000215
Cf,98,237,237.062196269,9.3798e-05
Cf,98,238,238.06141,0.00043
Cf,98,239,239.062421,0.000225
Cf,98,240,240.062272368,3.0812e-05
Cf,98,241,241.063694,0.000178
Cf,98,242,242.06375312,1.3935e-05
Cf,98,243,243.06538,0.000123
Cf,98,244,244.065994398,3.106e-06
Cf,98,245,245.068049899,3.018e-06
Cf,98,246,246.068806829,2.246e-06
Cf,98,247,247.070965437,1.6461e-05
Cf,98,248,248.072186324,5.716e-06
Cf,98,249,249.074855,2.361e-06
Cf,98,250,250.076407452,2.226e-06
Cf,98,251,251.079589428,4.784e-06
Cf,98,252,252.08162724,5.428e-06
Cf,98,253,253.08513454,6.629e-06
Cf,98,254,254.087324303,1.3208e-05
Cf,98,255,255.091049,0.000215
Cf,98,256,256.093442,0.000338
Es,99,241,241.068537,0.000244
Es,99,242,242.069644,0.00031
Es,99,243,243.069509,0.000222
Es,99,244,244.070876,0.000195
Es,99,245,245.071325,0.000215
Es,99,246,246.072897,0.00024
Es,99,247,247.073621991,2.087e-05
Es,99,248,248.075472,5.6e-05
Es,99,249,249.076412,3.2e-05
Es,99,250,250.078614,0.000107
Es,99,251,251.079993603,6.52e-06
Es,99,252,252.082979905,5.3951e-05
Es,99,253,253.084826159,2.807e-06
Es,99,254,254.088023407,4.556e-06
Es,99,255,255.090275762,1.1841e-05
Es,99,256,256.0936,0.000108
Es,99,257,257.095979,0.000441
Fm,100,242,242.07343,0.00043
Fm,100,243,243.074356,0.000231
Fm,100,244,244.074054,0.000217
Fm,100,245,245.075353,0.000209
Fm,100,246,246.075349316,1.654e-05
Fm,100,247,247.076849,0.000123
Fm,100,248,248.077181458,9.18e-06
Fm,100,249,249.078928513,6.776e-06
Fm,100,250,250.079522086,8.615e-06
Fm,100,251,251.081539864,1.632e-05
Fm,100,252,252.082468318,6.105e-06
Fm,100,253,253.085185669,3.724e-06
Fm,100,254,254.086855605,2.991e-06
Fm,100,255,255.089964842,5.155e-06
Fm,100,256,256.091774509,7.694e-06
Fm,100,257,257.095106119,6.8e-06
Fm,100,258,258.097077,0.000215
Fm,100,259,259.100598,0.000304
Fm,100,260,260.102809,0.000546
Md,101,245,245.080786,0.000329
Md,101,246,246.081789,0.000313
Md,101,247,247.081522,0.000222
Md,101,248,248.082816,0.000255
Md,101,249,249.083008,0.00024
Md,101,250,250.084416,0.000323
Md,101,251,251.08477435,2.031e-05
Md,101,252,252.086432,0.00014
Md,101,253,253.087145,3.4e-05
Md,101,254,254.089658,0.000107
Md,101,255,255.091084166,7.113e-06
Md,101,256,256.094052882,7.6104e-05
Md,101,257,257.095542831,3.005e-06
Md,101,258,258.098432704,4.973e-06
Md,101,259,259.100512,0.000215
Md,101,260,260.103653,0.00034
No,102,248,248.086566,0.000242
No,102,249,249.0878,0.0003
No,102,250,250.087561,0.000215
No,102,251,251.088847,0.000123
No,102,252,252.088962394,1.0018e-05
No,102,253,253.090564963,7.495e-06
No,102,254,254.09095638,1.0762e-05
No,102,255,255.093191378,1.6e-05
No,102,256,256.094284128,8.458e-06
No,102,257,257.096888928,7.44e-06
No,102,258,258.098208,0.000215
No,102,259,259.101033,0.000108
No,102,260,260.102644,0.000215
No,102,262,262.107464,0.000387
Lr,103,252,252.095253,0.000277
Lr,103,253,253.095186,0.000241
Lr,103,254,254.096484,0.000323
Lr,103,255,255.096562378,1.9e-05
Lr,103,256,256.098494004,8.9e-05
Lr,103,257,257.099418,4.7e-05
Lr,103,258,258.101826,0.00011
Lr,103,259,259.102902,7.6e-05
Lr,103,260,260.105497,0.000133
Lr,103,261,261.106885,0.000215
Lr,103,262,262.109463,0.000215
Rf,104,253,253.100656,0.00044
Rf,104,254,254.100051,0.000304
Rf,104,255,255.101172,0.000123
Rf,104,256,256.101147704,1.9183e-05
Rf,104,257,257.10291898,1.166e-05
Rf,104,258,258.103428398,3.4438e-05
Rf,104,259,259.105596,7.8e-05
Rf,104,260,260.106442,0.000215
Rf,104,261,261.108775848,3.9258e-05
Rf,104,262,262.109926,0.000304
Rf,104,263,263.112549,0.000196
Rf,104,265,265.116834,0.000456
Db,105,255,255.107076,0.000454
Db,105,256,256.107879,0.000278
Db,105,257,257.107673,0.000242
Db,105,258,258.109287,0.000328
Db,105,259,259.109491839,5.694e-05
Db,105,260,260.110964821,9.482e-05
Db,105,261,261.111917,0.000118
Db,105,262,262.1141,0.000195
Db,105,263,263.11499,0.000181
Db,105,267,267.122595,0.000504
Db,105,268,268.125607,0.000568
Sg,106,258,258.113036,0.000443
Sg,106,259,259.114318,0.000123
Sg,106,260,260.114379591,2.2065e-05
Sg,106,261,261.11595032,1.9881e-05
Sg,106,262,262.116338,0.000217
Sg,106,263,263.118294,0.000102
Sg,106,264,264.118933,0.000304
Sg,106,265,265.121101,0.000127
Sg,106,266,266.122062,0.000322
Sg,106,267,267.124412,0.000296
Sg,106,269,269.128777,0.000459
Sg,106,271,271.133601,0.000619
Bh,107,260,260.121648,0.000284
Bh,107,261,261.12155,0.000248
Bh,107,262,262.122968,0.000328
Bh,107,264,264.12426,0.000188
Bh,107,265,265.124914,0.000251
Bh,107,266,266.126925,0.000213
Bh,107,267,267.127652,0.000282
Bh,107,270,270.133311,0.000391
Bh,107,272,272.138038,0.000571
Hs,108,263,263.128793,0.000135
Hs,108,264,264.128352403,3.1019e-05
Hs,108,265,265.130078394,5.724e-05
Hs,108,266,266.130037,0.000219
Hs,108,267,267.131673,0.000103
Hs,108,269,269.133769,0.000127
Hs,108,270,270.134342,0.000327
Hs,108,271,271.137149,0.000301
Hs,108,275,275.146336,0.000621
Hs,108,277,277.151456,0.000742
Mt,109,266,266.137376,0.000329
Mt,109,268,268.138392,0.000248
Mt,109,270,270.140459,0.000219
Mt,109,274,274.147193,0.000449
Mt,109,275,275.148542,0.000635
Mt,109,276,276.151219,0.000573
Ds,110,267,267.144147,0.000181
Ds,110,269,269.144958118,6.125e-05
Ds,110,270,270.144659,0.000225
Ds,110,271,271.145946,0.000104
Ds,110,272,272.146021,0.000617
Ds,110,273,273.148576,0.000138
Ds,110,279,279.159508,0.000624
Ds,110,280,280.160635,0.000885
Ds,110,281,281.163567,0.000744
Rg,111,272,272.153284,0.000271
Rg,111,274,274.155384,0.000226
Rg,111,278,278.161441,0.000452
Rg,111,279,279.162443,0.000637
Rg,111,280,280.164656,0.000586
Cn,112,277,277.163656,0.000148
Cn,112,282,282.169863,0.000704
Cn,112,283,283.172476,0.000626
Cn,112,284,284.173329,0.00091
Cn,112,285,285.176182,0.000746
Nh,113,278,278.170709,0.000232
Nh,113,282,282.17562,0.000455
Nh,113,283,283.176067,0.00064
Nh,113,284,284.178156,0.000588
Fl,114,286,286.183601,0.000705
Fl,114,287,287.185989,0.000628
Fl,114,288,288.186763,0.000911
Fl,114,289,289.189515,0.000748
Mc,115,287,287.1902,0.000642
Mc,115,288,288.192147,0.00059
Lv,116,290,290.198005,0.00071
Lv,116,291,291.200283,0.000631
Lv,116,292,292.200969,0.000914
Lv,116,293,293.203591,0.000749
Og,118,294,294.213287,0.000713
